[{"model": "accounts.customuser", "pk": 1, "fields": {"password": "pbkdf2_sha256$600000$OboV1QmSRf31HA0TQa5wrx$trkDS6durs2g2OkPXk7OOGupA8O8GPBfKjTMqPuY0YM=", "last_login": "2024-05-18T12:51:29.548Z", "is_superuser": false, "username": "fire1", "first_name": "", "last_name": "", "email": "aa@a.com", "is_staff": false, "is_active": true, "date_joined": "2024-05-18T12:51:29.156Z", "nickname": "plzplz", "cash": "0.00", "groups": [], "user_permissions": []}}, {"model": "accounts.customuser", "pk": 2, "fields": {"password": "pbkdf2_sha256$600000$ObLVxTLLbbRstxjcfzATbb$GqzQO8BLspyrXdD9UhgP5jWjEvNd5dYXOnJHy1Hz8B4=", "last_login": "2024-05-18T14:02:34.198Z", "is_superuser": false, "username": "kitty", "first_name": "", "last_name": "", "email": "aa@a.com", "is_staff": false, "is_active": true, "date_joined": "2024-05-18T14:02:33.120Z", "nickname": "plzplz", "cash": "0.00", "groups": [], "user_permissions": []}}, {"model": "accounts.customuser", "pk": 3, "fields": {"password": "pbkdf2_sha256$600000$XhXwkGE06AGj0BGJ9AA9LG$hbXBJPqEgT7mjK+Q0rihxIz7PbDeZHq+jM0xZgj3Khw=", "last_login": "2024-05-18T14:04:27.301Z", "is_superuser": false, "username": "flower1", "first_name": "", "last_name": "", "email": "bb@b.com", "is_staff": false, "is_active": true, "date_joined": "2024-05-18T14:04:26.305Z", "nickname": "가입돼줘제발", "cash": "0.00", "groups": [], "user_permissions": []}}, {"model": "accounts.customuser", "pk": 4, "fields": {"password": "pbkdf2_sha256$600000$uUQAF4YsWoA1ilVcnNPSrH$z/u6ez5YO5GlEWnPc7YCWMTq2GpdThfhReCjZ9PNNUE=", "last_login": "2024-05-18T16:23:46.976Z", "is_superuser": false, "username": "ice1", "first_name": "", "last_name": "", "email": "aaa@naver.com", "is_staff": false, "is_active": true, "date_joined": "2024-05-18T16:23:46.516Z", "nickname": "plzplz", "cash": "0.00", "groups": [], "user_permissions": []}}, {"model": "accounts.customuser", "pk": 5, "fields": {"password": "pbkdf2_sha256$600000$7z3hhbCl8yeQieH4fxthPh$NaHBotI4yCieiYM7De6ygRiWXvoZZ4+3g9Zrc5ekRTY=", "last_login": "2024-05-18T17:12:11.855Z", "is_superuser": false, "username": "water1", "first_name": "", "last_name": "", "email": "bb@ddb.com", "is_staff": false, "is_active": true, "date_joined": "2024-05-18T16:28:55.375Z", "nickname": "슬리피우드", "cash": "2000.00", "groups": [], "user_permissions": []}}, {"model": "accounts.customuser", "pk": 6, "fields": {"password": "pbkdf2_sha256$600000$lY2gWwmjZLT1BndQCdijmD$Lmmx60ho/1mWbZjD8NlpyO+F3bvrc3o91CVxpHXZmE0=", "last_login": "2024-05-19T07:11:03.301Z", "is_superuser": false, "username": "hot1", "first_name": "", "last_name": "", "email": "bb@b.com", "is_staff": false, "is_active": true, "date_joined": "2024-05-19T06:31:01.099Z", "nickname": "예적금", "cash": "10010300.00", "groups": [], "user_permissions": []}}, {"model": "accounts.customuser", "pk": 7, "fields": {"password": "pbkdf2_sha256$600000$0WCyboVWwLIyeE9omxE0pc$/OWycsYxhrBhmWC+uUu2PjwIMQv22HNjmcoY0Sl7gvM=", "last_login": "2024-05-20T02:14:20.240Z", "is_superuser": false, "username": "fucku", "first_name": "", "last_name": "", "email": "ffff@ss.com", "is_staff": false, "is_active": true, "date_joined": "2024-05-20T02:14:19.578Z", "nickname": "꺼져걍", "cash": "4480.00", "groups": [], "user_permissions": []}}, {"model": "savings.financialproduct", "pk": 1, "fields": {"fin_co_no": "0010001", "fin_prdt_cd": "WR0001F", "kor_co_nm": "우리은행", "fin_prdt_nm": "우리SUPER주거래적금", "join_way": "영업점,인터넷,스마트폰,전화(텔레뱅킹)", "mtrt_int": "만기 후\n- 1개월이내 : 만기시점약정이율×50%\n- 1개월초과 6개월이내: 만기시점약정이율×30%\n- 6개월초과 : 만기시점약정이율×20%\n\n※ 만기시점 약정이율 : 일반정기적금 금리", "spcl_cnd": "1. 아래 각 항(가, 나)의 조건을 충족하는 경우 합산 최대 연 1.9%p 우대\n가. 우리은행을 처음 거래하시는 고객 : 연 1.0%p\n나. 거래실적 인정기간 동안 아래 거래실적을 계약기간별 필수기간(1년 : 6개월, 2년 : 12개월, 3년 : 18개월)이상 충족하는 경우 최대 연 0.9%p", "join_member": "실명의 개인", "etc_note": "1. 가입기간 : 1년, 2년, 3년\n(가입기간별 금리 차등적용)\n2. 가입금액 : 월 50만원 이내"}}, {"model": "savings.financialproduct", "pk": 2, "fields": {"fin_co_no": "0010001", "fin_prdt_cd": "WR0001L", "kor_co_nm": "우리은행", "fin_prdt_nm": "WON적금", "join_way": "스마트폰,전화(텔레뱅킹)", "mtrt_int": "만기 후\n- 1개월이내 : 만기시점약정이율×50%\n- 1개월초과 6개월이내: 만기시점약정이율×30%\n- 6개월초과 : 만기시점약정이율×20%\n\n※ 만기시점 약정이율 : 일반정기적금 금리", "spcl_cnd": "1. 아래 각 항(가, 나)의 조건을 충족하는 경우 합산 최대 연 0.2%p 우대\n가. 이 적금을 우리꿈통장, WON통장에 연결하여 가입하는 경우 : 0.1%p\n나. 우리 오픈뱅킹 서비스에 타행계좌가 등록되어 있는 경우 : 연 0.1%p", "join_member": "실명의 개인", "etc_note": "1. 가입기간 : 1년\n2. 가입금액 : 월 50만원 이내"}}, {"model": "savings.financialproduct", "pk": 3, "fields": {"fin_co_no": "0010002", "fin_prdt_cd": "00266451", "kor_co_nm": "한국스탠다드차타드은행", "fin_prdt_nm": "퍼스트가계적금", "join_way": "영업점,인터넷,스마트폰", "mtrt_int": "만기 후 1개월: 약정이율의 50%\n만기 후 1개월 초과 1년 이내: 약정이율의 30%\n만기 후 1년 초과: 약정이율의 10%", "spcl_cnd": "없음", "join_member": "개인(개인사업자 포함)", "etc_note": "해당없음"}}, {"model": "savings.financialproduct", "pk": 4, "fields": {"fin_co_no": "0010016", "fin_prdt_cd": "10521001000846001", "kor_co_nm": "대구은행", "fin_prdt_nm": "내손안에 적금", "join_way": "스마트폰", "mtrt_int": "만기 후 1개월 미만 경과: 약정이자율 x 50%\n만기 후 3개월 미만 경과: 약정이자율 x 25%\n만기 후 3개월 이상 경과: 약정이자율 x 10%", "spcl_cnd": "* 최고우대금리 : 연0.55%p\n -대구은행 인터넷뱅킹,스마트뱅킹을 통하여 최초로 적립식예금 가입 시 : 연0.20%p\n - 상품 가입 전 최근 3개월 이내 대구은행 인터넷,스마트 뱅킹을 통한 이체거래 3회 이상 : 연0.10%p\n- 상품 가입 전 수수료우대 통장 보유 고객 : 연0.20%p\n* 상품을 스마트뱅킹을 통해 가입 시 : 연0.05%p", "join_member": "실명의 개인", "etc_note": "1.1계좌당 가입한도 : 월 100만원(최저 10만원 이상)\n2.iM뱅크 전용상품"}}, {"model": "savings.financialproduct", "pk": 5, "fields": {"fin_co_no": "0010016", "fin_prdt_cd": "10527001000925000", "kor_co_nm": "대구은행", "fin_prdt_nm": "영플러스적금", "join_way": "영업점,인터넷,스마트폰", "mtrt_int": "만기 후 1개월 미만 경과: 약정이자율 x 50%\n만기 후 3개월 미만 경과: 약정이자율 x 25%\n만기 후 3개월 이상 경과: 약정이자율 x 10%", "spcl_cnd": "* 최고우대금리 : 연0.55%p\n- 상품 가입 전 영플러스통장 보유 또는 재예치일 기준 영플러스통장 전월 평잔 10만원 이상 : 연0.10%p\n- 예금기간 중 입금횟수 10회 이상 : 연0.10%p\n- 입학 및 졸업 축하금리 : 연0.30%p\n*상품을 인터넷/스마트뱅크를 통해 가입시 우대 : 연0.05%p", "join_member": "만 29세 이하 개인", "etc_note": "1계좌당 가입한도 : 월 50만원(최저 1만원 이상)"}}, {"model": "savings.financialproduct", "pk": 6, "fields": {"fin_co_no": "0010016", "fin_prdt_cd": "10527001001272000", "kor_co_nm": "대구은행", "fin_prdt_nm": "내가만든 보너스적금", "join_way": "영업점,인터넷,스마트폰", "mtrt_int": "만기 후 1개월 미만 경과: 약정이자율 x 50%\n만기 후 3개월 미만 경과: 약정이자율 x 25%\n만기 후 3개월 이상 경과: 약정이자율 x 10%", "spcl_cnd": "*최고우대금리 : 연0.80%p\n -비대면 채널로 신규 : 연0.20%p\n -상품 가입 전 마케팅활용[개인(신용)정보,수집,이용동의] 전체 동의 : 연0.20%p\n(계약기간 1년인 경우 만기일 기준)\n -대구은행 계좌로 자동이체 8회 이상 입금 : 연0.20%p\n - 원금 합계 100만원이상 : 연0.10%p 또는 원금합계 200만원이상 : 연0.20%p", "join_member": "실명의 개인", "etc_note": "1계좌당 가입한도 : 월20만원\n(최저 1만원 이상)"}}, {"model": "savings.financialproduct", "pk": 7, "fields": {"fin_co_no": "0010016", "fin_prdt_cd": "10527001001278000", "kor_co_nm": "대구은행", "fin_prdt_nm": "IM스마트적금", "join_way": "인터넷,스마트폰", "mtrt_int": "만기 후 1개월 미만 경과: 약정이자율 x 50%\n만기 후 3개월 미만 경과: 약정이자율 x 25%\n만기 후 3개월 이상 경과: 약정이자율 x 10%", "spcl_cnd": "* 최고우대금리 : 연0.45%p\n- 가입일로부터 3개월 이내 1가지 이상 요건 충족시 : 연0.20%p\n① 대구은행 주택청약종합저축 보유\n② 대구은행 신용(체크)카드 결제실적 보유\n- 전체 계약월수 중 1/2이상 DGB대구은행 계좌에서 자동이체 납입 시 : 연0.20%p\n* 상품을 인터넷/스마트뱅크를 통해 가입시 우대 : 연0.05%p", "join_member": "실명의 개인", "etc_note": "1.1계좌당 가입한도 : 월 100만원(최저 5만원 이상)\n2.비대면채널 전용상품"}}, {"model": "savings.financialproduct", "pk": 8, "fields": {"fin_co_no": "0010017", "fin_prdt_cd": "01020400490001", "kor_co_nm": "부산은행", "fin_prdt_nm": "펫 적금", "join_way": "영업점,스마트폰", "mtrt_int": "- 만기후 1년이내:가입기간별 일반정기적금 기본이율 x 50%\n- 만기후 1년초과:가입기간별 일반정기적금 기본이율 x 20%", "spcl_cnd": "*우대이율 6개월제 최대 0.55%, 12개월제 최대 0.90%", "join_member": "실명의 개인고객(1인 1계좌)", "etc_note": "1. 가입한도: 월 1만원 이상 50만원 이하 원단위\n2. 자유적립식"}}, {"model": "savings.financialproduct", "pk": 9, "fields": {"fin_co_no": "0010017", "fin_prdt_cd": "01020400490002", "kor_co_nm": "부산은행", "fin_prdt_nm": "펫 적금", "join_way": "영업점,스마트폰", "mtrt_int": "- 만기후 1년이내:가입기간별 일반정기적금 기본이율 x 50%\n- 만기후 1년초과:가입기간별 일반정기적금 기본이율 x 20%", "spcl_cnd": "*우대이율 6개월제 최대 0.55%, 12개월제 최대 0.90%", "join_member": "실명의 개인고객(1인 1계좌)", "etc_note": "1. 가입한도: 월 1만원 이상 50만원 이하 원단위\n2. 정기적립식"}}, {"model": "savings.financialproduct", "pk": 10, "fields": {"fin_co_no": "0010017", "fin_prdt_cd": "01020400510001", "kor_co_nm": "부산은행", "fin_prdt_nm": "저탄소 실천\n적금", "join_way": "영업점,인터넷,스마트폰", "mtrt_int": "- 만기후 1년이내:가입기간별 일반정기적금 기본이율 x 50%\n- 만기후 1년초과:가입기간별 일반정기적금 기본이율 x 20%", "spcl_cnd": "조건 달성여부에 따라 우대금리 적용\n*개인형 우대이율: 최대0.4%\n*기업형(개인사업자 및 법인)우대이율: 최대0.4%", "join_member": "제한없음", "etc_note": "1. 가입한도: 월 1만원 이상 1천만원 이하 원단위 (월 1천만원 이하 불입 가능)\n2. 자유적립식"}}, {"model": "savings.financialproduct", "pk": 11, "fields": {"fin_co_no": "0010017", "fin_prdt_cd": "01020400530001", "kor_co_nm": "부산은행", "fin_prdt_nm": "내맘대로 \n적금", "join_way": "영업점,인터넷,스마트폰", "mtrt_int": "- 만기후 1년이내:가입기간별 일반정기적금 기본이율 x 50%\n- 만기후 1년초과:가입기간별 일반정기적금 기본이율 x 20%", "spcl_cnd": "*우대이율 최대 0.2%\n- 신규시 우대이율 0.05% 및 해지시 우대이율 최대 0.15%", "join_member": "제한없음", "etc_note": "1. 가입금액 :\n   1천원 이상\n2. 가입기간 : \n6개월 이상 60개월 이하(일단위)"}}, {"model": "savings.financialproduct", "pk": 12, "fields": {"fin_co_no": "0010019", "fin_prdt_cd": "TD11330029000", "kor_co_nm": "광주은행", "fin_prdt_nm": "해피라이프_여행스케치적금V", "join_way": "영업점,스마트폰", "mtrt_int": "*만기후 1개월 이내: 만기일 당시 최초 가입 기간별 고시금리의 1/2 \n*만기후 1개월 초과: 0.1%", "spcl_cnd": "▶ 최고우대금리 1.20%p  \n①해피라이프_여행스케치외화적금V 동일자가입 0.5%p \n②해지원금 기준 500만원이상 : 최고0.2%p\n③신용(체크)카드사용실적300만원이상:최고 0.3%p\n④개인(신용)정보 동의: 0.2%p", "join_member": "제한없음(단,국가및지방자치단체제외)", "etc_note": "1. 가입기간 : 6개월이상 3년제\n2. 가입금액 : 월5만원 이상 5백만원 이하 (1인1계좌)"}}, {"model": "savings.financialproduct", "pk": 13, "fields": {"fin_co_no": "0010019", "fin_prdt_cd": "TD11330030000", "kor_co_nm": "광주은행", "fin_prdt_nm": "여행스케치_남도투어적금", "join_way": "영업점,스마트폰", "mtrt_int": "만기후 1개월 이내: 만기일 당시 최초 가입 기간별 고시금리의 1/2 \n만기후 1개월 초과: 0.1%", "spcl_cnd": "▶ 최고우대금리 1.9%p \n①예금가입일~만기일전일까지 당행이선정한 전라남도 관광지 방문 인증시 : 최고 1.5%p\n②신용(체크)카드사용실적300만원이상:최고 0.3%p\n③개인(신용)정보 동의: 0.1%p", "join_member": "만14세이상 개인 및 개인사업자", "etc_note": "1. 가입기간 :12개월제,18개월제\n2. 가입금액 : 월 5만원 이상 1백만원 이하 (1인1계좌)\n※ 18개월 정액식 기본금리 3.3%, 최고금리 5.2%"}}, {"model": "savings.financialproduct", "pk": 14, "fields": {"fin_co_no": "0010019", "fin_prdt_cd": "TD11330031000", "kor_co_nm": "광주은행", "fin_prdt_nm": "VIP플러스적금", "join_way": "영업점,인터넷,스마트폰", "mtrt_int": "*만기후 1개월 이내: 만기일 당시 최초 가입 기간별 고시금리의 1/2 \n*만기후 1개월 초과: 0.1%", "spcl_cnd": "▶ 최고우대금리 0.50%p  \n①이 예금가입시 VIP고객이거나 가입일 이후부터 만기일전일까지 VIP고객에 선정된 경험이 있는 경우 : 0.3%p \n②이 예금 가입일에 정기예금 500만원이상(만기 1년이상) 가입하고 만기일 전일까지 유지한 경우 : 0.2%p", "join_member": "실명의 개인", "etc_note": "1. 가입기간 : 1년제\n2. 가입금액 : 월10만원 이상 5백만원 이하 (1인1계좌)"}}, {"model": "savings.financialproduct", "pk": 15, "fields": {"fin_co_no": "0010019", "fin_prdt_cd": "TD11330032000", "kor_co_nm": "광주은행", "fin_prdt_nm": "텔레파시적금", "join_way": "스마트폰", "mtrt_int": "만기후 1개월 이내: 만기일 당시 최초 가입 기간별 고시금리의 1/2 \n만기후 1개월 초과: 0.1%", "spcl_cnd": "▶ 최고우대금리 0.80%p  \n ①전전월말 기준 예적금 등 계좌 및 거래가 없는경우: 0.8%p \n ②당행 적금계좌 만기 해지일로부터 1개월 이내 이 예금으로 재가입한 고객: 0.5%p\n▶ 퀴즈이벤트금리 최고 2.00%p\n  - 최대 참여가능 횟수 20회 X 회당 우대금리 연 0.1%p", "join_member": "실명의 개인", "etc_note": "1. 가입기간 : 1년제\n2. 가입금액 : 월 5만원 이상 50만원 이하 (1인1계좌)"}}, {"model": "savings.financialproduct", "pk": 16, "fields": {"fin_co_no": "0010020", "fin_prdt_cd": "220002101", "kor_co_nm": "제주은행", "fin_prdt_nm": "jbank 저금통적금", "join_way": "인터넷,스마트폰", "mtrt_int": "- 만기후 1개월 이내 : (일반)정기적금 기본이자율의 50%\n(단, 최저금리 0.1%)\n- 만기후 1개월 초과 3개월 이내 : (일반)정기적금 기본이자율의 25%\n(단, 최저금리 0.1%)\n- 만기후 3개월 초과 : 0.1%", "spcl_cnd": "* 거래조건에 따라 최고 2.1%p 우대금리 적용\n① 자투리 출금계좌 평잔 50만원 이상 유지 : 0.8%p\n② 첫거래고객 or JBANK저금통적금 1개월 내 재신규 : 0.5%p\n③ 신규가입 시점에서 적금 목표금액 최소 30만원 이상 설정하고, 적금 신규일로부터 3개월 내 잔액이 목표금액 이상인 경우 :0.5%p\n④ 추천인 우대금리 : 0.30%p", "join_member": "개인 및 개인사업자", "etc_note": "월 납입한도 50만원 이하"}}, {"model": "savings.financialproduct", "pk": 17, "fields": {"fin_co_no": "0010020", "fin_prdt_cd": "220002501", "kor_co_nm": "제주은행", "fin_prdt_nm": "MZ 플랜적금", "join_way": "영업점,인터넷,스마트폰", "mtrt_int": "- 만기후 1개월 이내 : (일반)정기적금 기본이자율의 50%\n(단, 최저금리 0.1%)\n- 만기후 1개월 초과 3개월 이내 : (일반)정기적금 기본이자율의 25%\n(단, 최저금리 0.1%)\n- 만기후 3개월 초과 : 0.1%", "spcl_cnd": "①매월 1회이상 지속적 납입시:1년제: 0.50%\n② 목표 금액 달성:0.50%\n③ 신용카드,체크카드 합산 사용액 월10만원 이상 사용: 0.50%\n* 청년이니까응원합니다 이벤트 : 0.50%", "join_member": "개인 및 개인사업자", "etc_note": "월 납입한도 30만원 이하"}}, {"model": "savings.financialproduct", "pk": 18, "fields": {"fin_co_no": "0010020", "fin_prdt_cd": "220002701", "kor_co_nm": "제주은행", "fin_prdt_nm": "탐이나요적금", "join_way": "인터넷,스마트폰", "mtrt_int": "- 만기후 1개월 이내 : (일반)정기적금 기본이자율의 50%\n(단, 최저금리 0.1%)\n- 만기후 1개월 초과 3개월 이내 : (일반)정기적금 기본이자율의 25%\n(단, 최저금리 0.1%)\n- 만기후 3개월 초과 : 0.1%", "spcl_cnd": "아래의 우대요건 충족시 최고 2.7%p 추가 우대(만기시 제공)\n(공통)매월 JBANK로그인 시 0.2%\n 한 가지라도 수행시 2.5% 제공\n①추천인 코드로 3명 이상 가입시 \n②탐나는전 체크카드 월30만원 이상 사용 유지 시 \n③탐나는전 선불카드 충전계좌를 당행 입출금계좌로 등록 후 평잔 50만원 이상 유지 시", "join_member": "개인 및 개인사업자", "etc_note": "월 납입한도 100만원 이하"}}, {"model": "savings.financialproduct", "pk": 19, "fields": {"fin_co_no": "0010022", "fin_prdt_cd": "10-01-30-031-0018-0000", "kor_co_nm": "전북은행", "fin_prdt_nm": "JB 다이렉트적금(자유적립식)", "join_way": "인터넷,스마트폰", "mtrt_int": "√만기후 1개월이내 경과분 : 만기일 현재 계약기간별 정기적금(자유적립식) 실행이율의 1/2\n√만기후 1개월초과 경과분 : 연 0.1%", "spcl_cnd": "추가우대금리 :\n당행 계좌간 자동이체를 통해 이 예금으로 자동이체 된 금액에 0.1% 금리 우대", "join_member": "실명의 개인 및 개인사업자(임의단체 제외)", "etc_note": "1. 초회불입금 1만원이상, 1인당 월별 최고 1천만원이내\n2. 만기직전 1개월간 적립합계는 이전기간 적립금액을 초과할 수 없음\n3. 인터넷뱅킹/스마트폰뱅킹 가입상품"}}, {"model": "savings.financialproduct", "pk": 20, "fields": {"fin_co_no": "0010022", "fin_prdt_cd": "10-01-30-031-0036", "kor_co_nm": "전북은행", "fin_prdt_nm": "JB 다이렉트적금(정액적립식)", "join_way": "인터넷,스마트폰", "mtrt_int": "√만기후 1개월이내 경과분 : 만기일 현재 계약기간별 정기적금(정액적립식) 실행이율의 1/2\n√만기후 1개월초과 경과분 : 연 0.1%", "spcl_cnd": "추가우대금리 :\n당행 계좌간 자동이체를 통해 6회이상 입금한 경우 \n연 0.1% 금리우대", "join_member": "실명의 개인 및 개인사업자(임의단체 제외)", "etc_note": "1. 초회불입금 1만원이상, 1인당 월별 최고 5백만원이내\n2. 인터넷뱅킹/스마트폰뱅킹 가입상품"}}, {"model": "savings.financialproduct", "pk": 21, "fields": {"fin_co_no": "0010022", "fin_prdt_cd": "10-01-30-031-0038-0000", "kor_co_nm": "전북은행", "fin_prdt_nm": "JB 골든에이지 적금", "join_way": "영업점,스마트폰", "mtrt_int": "√만기후 1개월이내 경과분 : 만기일 현재 계약기간별 정기적금(정액적립식) 실행이율의 1/2\n√만기후 1개월초과 경과분 : 연 0.1%", "spcl_cnd": "우대조건 충족시 최고 연1.2% 이내(단, 우대이율은 만기해지시 제공)\n1. 6회이상 급여또는 연금이체 실적 연 0.50%\n2. JB카드 사용금액 조건을 충족한 경우 (연0.30% ~ 연0.50%)\n3. 신규시 당행 입출금 통장으로 자동해지를 신청한 경우 연 0.20%\n\n※거래실적 인정기준 세부내용은 홈페이지 참조", "join_member": "실명의 개인 및 개인사업자(1인 1계좌)", "etc_note": "초회 불입금 5만원이상, 1인당 월\n최고50만원 이내"}}, {"model": "savings.financialproduct", "pk": 22, "fields": {"fin_co_no": "0010022", "fin_prdt_cd": "10-01-30-031-0048-0000", "kor_co_nm": "전북은행", "fin_prdt_nm": "JB 최강전북 축구사랑 적금", "join_way": "영업점,인터넷,스마트폰", "mtrt_int": "√만기후 1개월이내 경과분 : 만기일 현재 계약기간별 정기적금(정액적립식) 실행이율의 1/2\n√만기후 1개월초과 경과분 : 연 0.1%", "spcl_cnd": "우대조건 충족시 최고 연1.8% 이내(단, 우대이율은 만기해지시 제공)\n1. 전북현대모터스 득점골수 우대 (최고 0.40%)\n2. 전북현대모터스 우승우대(최고 1.00%우대)\n3. 전북현대 도움왕/득점왕 연 0.20%\n4. 6회이상 당행 자동이체 납부를 통해 월부금 납입시 연 0.20%\n\n※거래실적 인정기준 세부내용은 홈페이지 참조", "join_member": "실명의 개임 및 개인사업자(1인 1계좌)", "etc_note": "초회 불입금 5만원이상, 1인당 월 최고 100만원 이내"}}, {"model": "savings.financialproduct", "pk": 23, "fields": {"fin_co_no": "0010022", "fin_prdt_cd": "10-01-30-031-0049-0000", "kor_co_nm": "전북은행", "fin_prdt_nm": "3초 플레이 적금", "join_way": "스마트폰", "mtrt_int": "√만기후 1개월이내 경과분 : 만기일 현재 계약기간별 정기적금(정액적립식) 실행이율의 1/2\n√만기후 1개월초과 경과분 : 연 0.1%", "spcl_cnd": "1. 만기 전전월까지 게임 50회 참여시 0.9%\n2. 3초 플레이 적금 게임에 참여하여 획득한 점수 총 합에 따라 추가 우대금리 (연0.5% ~ 연3.0%)\n3. 가입기간 내 오픈뱅킹을 통해 계좌 추가 등록/유지시 우대 0.1%\n\n※거래실적 인정기준 세부내용은 홈페이지 참조", "join_member": "실명의 개인 및 개인사업자(1인 1계좌)", "etc_note": "계약기간 6개월\n월별 적립한도 5만원 이상 최고 50만원 이하 (1인 1계좌)"}}, {"model": "savings.financialproduct", "pk": 24, "fields": {"fin_co_no": "0010024", "fin_prdt_cd": "21000111", "kor_co_nm": "경남은행", "fin_prdt_nm": "행복Dream적금", "join_way": "영업점,인터넷,스마트폰", "mtrt_int": "만기후 1개월 이내: 일반정기예금 기본이율의 50%\n만기후 1개월 초과: 일반정기예금 기본이율의 20%", "spcl_cnd": "①신규일로부터 6개월전까지 당행 적금 미보유 0.2%\n②월부금이 50만원 이상인 경우 0.20%\n③이 예금을 자동이체로 납입하는 경우 0.2%\n④신용(체크)카드 최초발급 후 10만원 이내 이용 0.2%\n⑤ 전자명함을 통한 신규 시 0.2%", "join_member": "개인 및 개인사업자", "etc_note": "1. 계약기간은 1년 이상 3년 이하 월단위로 한다.\n2. 적립금액은 5만원 이상, 최고금액은 제한없음"}}, {"model": "savings.financialproduct", "pk": 25, "fields": {"fin_co_no": "0010024", "fin_prdt_cd": "21001116", "kor_co_nm": "경남은행", "fin_prdt_nm": "BNK더조은자유적금", "join_way": "인터넷,스마트폰", "mtrt_int": "만기후 1개월 이내: 일반정기예금 기본이율의 50%\n만기후 1개월 초과: 일반정기예금 기본이율의 20%", "spcl_cnd": "①오픈뱅킹서비스 가입 0.20%(만기까지 유지)\n②당행 입출금통장에서 자동이체시 입금건별 0.20%\n③이 상품 신규시 금리우대쿠폰을 등록할 경우 0.30%", "join_member": "거래대상자는 제한을 두지 아니한다. 다만, 국가 및 지방자치단체는 이 예금을 거래할 수 없다.", "etc_note": "1. 계약기간은 6개월 이상 2년 이내 월단위로 한다.\n2. 초입금 1만원 이상 월별 500만원 이내에서 자유롭게 저축\n3. 최대 저축횟수는 999회 이내"}}, {"model": "savings.financialproduct", "pk": 26, "fields": {"fin_co_no": "0010024", "fin_prdt_cd": "21001199", "kor_co_nm": "경남은행", "fin_prdt_nm": "BNK 위더스(With-us)자유적금", "join_way": "영업점,인터넷,스마트폰,기타", "mtrt_int": "만기후 1개월 이내: 일반정기예금 기본이율의 50%\n만기후 1개월 초과: 일반정기예금 기본이율의 20%", "spcl_cnd": "①ESG 실천 우대금리 0.50%\n②신규고객 우대금리 0.50%\n- 당행 1년 이내예적금(청약포함)신규해지 이력미보유\n③공동가입우대금리 1.50%", "join_member": "개인 및 개인사업자", "etc_note": "1.계약기간은 1개월 이상 36개월 이하 월단위로 한다.\n2..1인 1계좌로 가입가능\n2.매월 최소 1만원 이상, 최고 월 100만원 이하 (천원 단위)"}}, {"model": "savings.financialproduct", "pk": 27, "fields": {"fin_co_no": "0010024", "fin_prdt_cd": "21001236", "kor_co_nm": "경남은행", "fin_prdt_nm": "주거래프리미엄적금", "join_way": "영업점,인터넷,스마트폰", "mtrt_int": "만기후 1개월 이내: 일반정기예금 기본이율의 50%\n만기후 1개월 초과: 일반정기예금 기본이율의 20%", "spcl_cnd": "①주거래우대 0.50%\n②공과금 자동이체 0.40~0.60%\n③신규고객 0.20%\n④주택청약종합저축 보유 0.10%\n⑤ 전자명함을 통한 신규 시 0.2%", "join_member": "개인 및 개인사업자", "etc_note": "1.계악기간은 1년제, 2년제, 3년제로 한다.\n2. 적립금액은 매월 1만원이상, 최고금액은 제한없음"}}, {"model": "savings.financialproduct", "pk": 28, "fields": {"fin_co_no": "0010024", "fin_prdt_cd": "21001259", "kor_co_nm": "경남은행", "fin_prdt_nm": "오늘도세이브적금", "join_way": "인터넷,스마트폰,기타", "mtrt_int": "만기후 1개월 이내: 일반정기예금 기본이율의 50%\n만기후 1개월 초과: 일반정기예금 기본이율의 20%", "spcl_cnd": "①마케팅동의 0.15%\n②목돈마련 축하이율 0.30~1.00%\n③친구 추천번호 0.30~0.60%", "join_member": "실명의 개인 및 개인사업자", "etc_note": "1. 계약기간은 1개월 이상 6개월 이내 월단위로 한다.\n2. 초입금 일 1천원 이상 10만원 이하 자유롭게 저축\n3. 최대 저축횟수는 999회 이내"}}, {"model": "savings.financialproduct", "pk": 29, "fields": {"fin_co_no": "0010024", "fin_prdt_cd": "21001268", "kor_co_nm": "경남은행", "fin_prdt_nm": "터치적금", "join_way": "스마트폰", "mtrt_int": "만기후 1개월 이내: 일반정기예금 기본이율의 50%\n만기후 1개월 초과: 일반정기예금 기본이율의 20%", "spcl_cnd": "①첫거래고객(적금가입 전일기준 당행 활동계좌 미보유) 2.50%\n②기간내 적금 입금일마다 0.10%씩 우대(최대2.50%)\n③마케팅동의 및 모바일메세지 수신동의 만기유지 시 0.50%", "join_member": "실명의 개인 및 개인사업자", "etc_note": "1. 계약기간은 1개월로 한다.\n2. 초입금 일 1천원 이상 3만원 이하 자유롭게 저축\n3. 최대 저축횟수는 999회 이내"}}, {"model": "savings.financialproduct", "pk": 30, "fields": {"fin_co_no": "0010026", "fin_prdt_cd": "01211210113", "kor_co_nm": "중소기업은행", "fin_prdt_nm": "IBK D-day적금(자유적립식)", "join_way": "스마트폰", "mtrt_int": "만기일 당시 정기적금 만기후금리 적용\n- 1개월 이내: 만기일 당시 약정금리x50%\n- 1월 초과 6개월 이내: 만기일 당시 약정금리x30%\n- 6개월 초과: 만기일 당시 약정금리x20%", "spcl_cnd": "최고 연 1.5%p\n1. 목표달성 축하금리 : 연 1.0%p\n  - 당행 입출금식 계좌에서 이 적금으로 자동이체를 통해 3회 이상 납입하고 만기일 전일까지 목표금액(신규 시 직접 설정) 이상 납입하는 경우\n2. 최초거래고객 우대금리 : 연 0.5%p", "join_member": "실명의 개인\n(개인사업자 제외)", "etc_note": "1인당 3계좌 가입 가능하며, 계좌당 20만원 이내 납입 가능"}}, {"model": "savings.financialproduct", "pk": 31, "fields": {"fin_co_no": "0010026", "fin_prdt_cd": "01211210121", "kor_co_nm": "중소기업은행", "fin_prdt_nm": "IBK탄소제로적금(자유적립식)", "join_way": "스마트폰", "mtrt_int": "만기일 당시 정기적금 만기후금리 적용\n- 1개월 이내: 만기일 당시 약정금리x50%\n- 1월 초과 6개월 이내: 만기일 당시 약정금리x30%\n- 6개월 초과: 만기일 당시 약정금리x20%", "spcl_cnd": "최고 연 4.00%p\n1. 에너지 절감 우대금리 : 최대 연 0.20%p\n2. 최초거래고객 우대금리 : 연 0.10%p\n3. 지로 또는 공과금 자동이체 우대금리 : 연 1.00%p", "join_member": "실명의 개인\n(개인사업자 제외)", "etc_note": "1인당 1계좌 가입 가능하며, 계좌당 최소 1만원 이상 1백만원까지 납입 가능"}}, {"model": "savings.financialproduct", "pk": 32, "fields": {"fin_co_no": "0010026", "fin_prdt_cd": "01211210122", "kor_co_nm": "중소기업은행", "fin_prdt_nm": "IBK중기근로자우대적금\n(자유적립식)", "join_way": "영업점,스마트폰", "mtrt_int": "만기일 당시 정기적금 만기후금리 적용\n- 1개월 이내: 만기일 당시 약정금리x50%\n- 1월 초과 6개월 이내: 만기일 당시 약정금리x30%\n- 6개월 초과: 만기일 당시 약정금리x20%", "spcl_cnd": "최고 연 2.20%p\n1. 가입시점 중소기업 근로자로 확인된 경우 : 재직기간에 따라 최고 연 1.2%p\n2. 당행 급여이체 실적(월50만원 이상) 6개월 이상\n   인 경우 : 연 1.0%p", "join_member": "중소기업에서 근무하는\n실명의 개인\n(개인사업자 제외)", "etc_note": "1인당 1계좌 가입 가능하며, 계좌당 100만원까지 납입 가능"}}, {"model": "savings.financialproduct", "pk": 33, "fields": {"fin_co_no": "0010030", "fin_prdt_cd": "03101", "kor_co_nm": "한국산업은행", "fin_prdt_nm": "KDB 기업정기적금", "join_way": "영업점,인터넷", "mtrt_int": "* 만기후 1년 이내 : 만기일 현재 고시된 일반 정기적금 해당예금기간 기본이율의 1/2\n* 만기후 1년 초과 : 만기일 현재 고시된 보통예금 이율", "spcl_cnd": "해당없음", "join_member": "개인사업자, 조합(비영리법인 포함), 법인", "etc_note": "해당없음"}}, {"model": "savings.financialproduct", "pk": 34, "fields": {"fin_co_no": "0010030", "fin_prdt_cd": "03700", "kor_co_nm": "한국산업은행", "fin_prdt_nm": "KDB 자유적금", "join_way": "영업점,인터넷,스마트폰", "mtrt_int": "* 만기후 1년 이내 : 만기일 현재 고시된 일반 정기적금 해당예금기간 기본이율의 1/2\n* 만기후 1년 초과 : 만기일 현재 고시된 보통예금 이율", "spcl_cnd": "해당없음", "join_member": "개인, 개인사업자, 임의단체", "etc_note": "해당없음"}}, {"model": "savings.financialproduct", "pk": 35, "fields": {"fin_co_no": "0010927", "fin_prdt_cd": "010200100051", "kor_co_nm": "국민은행", "fin_prdt_nm": "KB국민프리미엄적금(정액)", "join_way": "영업점,인터넷,스마트폰,전화(텔레뱅킹)", "mtrt_int": "- 1개월 이내 : 기본이율 X 50%\n- 1개월 초과  ~ 3개월 이내 : 기본이율 X 30%\n- 3개월 초과 : 0.1%", "spcl_cnd": "① 단체가입/나라사랑/쿠폰 우대이율: \n    1년: 연 0.6%p, 2년: 연 0.7%p,\n    3년: 연 0.9%p, 5년: 연 1.0%p \n   (중복적용되지 않음, 계약기간별차등적용)\n② 교차거래 우대이율: 연 0.3%p", "join_member": "실명의 개인", "etc_note": "1인 1계좌"}}, {"model": "savings.financialproduct", "pk": 36, "fields": {"fin_co_no": "0010927", "fin_prdt_cd": "010200100084", "kor_co_nm": "국민은행", "fin_prdt_nm": "KB맑은하늘적금", "join_way": "영업점,인터넷,스마트폰", "mtrt_int": "- 1개월 이내 : 기본이율 X 50%\n- 1개월 초과  ~ 3개월 이내 : 기본이율 X 30%\n- 3개월 초과 : 0.1%", "spcl_cnd": "맑은하늘을 위한 미션별 제공조건을 달성하는 경우 각 미션별 우대이율 제공\n -1년제 최고 연 0.8%p, 2년제 최고 연 0.9%p, 3년제 최고 연 1.0%p\n① 종이통장 줄이기 미션: 연 0.1%p\n② 종이서식 줄이기 미션: 연 0.2%p\n③ 대중교통 미션: 1년제 연 0.4%p, 2년제 연 0.5%p, 3년제 연 0.6%p\n④ 퀴즈미션: 연 0.1%p", "join_member": "실명의 개인", "etc_note": "공동명의 불가\n(1인 최대 3계좌)"}}, {"model": "savings.financialproduct", "pk": 37, "fields": {"fin_co_no": "0010927", "fin_prdt_cd": "010200100092", "kor_co_nm": "국민은행", "fin_prdt_nm": "KB반려행복적금", "join_way": "스마트폰", "mtrt_int": "- 1개월 이내 : 기본이율 X 50%\n- 1개월 초과  ~ 3개월 이내 : 기본이율 X 30%\n- 3개월 초과 : 0.1%", "spcl_cnd": "항목별 적용 조건 충족시, 최고 연 1.5%p\n① 반려동물 등록: 연 0.2%p\n② 미지(유기)입양: 연 0.2%p\n③ 반려동물애정활동: 연 0.2%p\n④ 반려동물요금제: 연 0.2%p\n⑤ KB거래감사: 연 0.2%p\n⑥ KB첫거래: 연 0.5%p", "join_member": "실명의 개인", "etc_note": "공동명의 불가\n(1인 최대 3계좌)"}}, {"model": "savings.financialproduct", "pk": 38, "fields": {"fin_co_no": "0010927", "fin_prdt_cd": "010200100104", "kor_co_nm": "국민은행", "fin_prdt_nm": "KB 특★한 적금", "join_way": "스마트폰", "mtrt_int": "- 1개월 이내 : 기본이율 X 50%\n- 1개월 초과  ~ 3개월 이내 : 기본이율 X 30%\n- 3개월 초과 : 0.1%", "spcl_cnd": "항목별 적용 조건 충족시, 최고 연 4.0%p\n① 목표달성 축하 우대이율: 최고 연 1.0%p\n    50만원 이하: 연 0.5%p, 50만원 초과: 연 1.0%p \n② 별 모으기 우대이율 : 최고 연 1.0%p\n    10개: 연 0.5%p, 20개: 연 1.0%p\n③ 함께해요 우대이율: 최고 연 2.0%p", "join_member": "실명의 개인", "etc_note": "개인사업자, 임의단체 및\n공동명의 가입 불가\n(1인 최대 3계좌)"}}, {"model": "savings.financialproduct", "pk": 39, "fields": {"fin_co_no": "0010927", "fin_prdt_cd": "010200100109", "kor_co_nm": "국민은행", "fin_prdt_nm": "KB차차차 적금", "join_way": "스마트폰", "mtrt_int": "- 1개월 이내 : 기본이율 X 50%\n- 1개월 초과  ~ 3개월 이내 : 기본이율 X 30%\n- 3개월 초과 : 0.1%", "spcl_cnd": "항목별 적용 조건 충족시, 최고 연 5.5%p\n① 혜택수신 우대이율: 연 1.0%p\n② KB패밀리 우대이율: 연 1.0%p\n③ KB국민인증 우대이율: 연0.5%p \n④ 내차든든 우대이율: 연 3.0%P", "join_member": "만19세이상 실명의 개인", "etc_note": "- 개인사업자, 임의단체 및 공동명의 가입 불가\n(1인 1계좌) \n- KB스타뱅킹 전용상품"}}, {"model": "savings.financialproduct", "pk": 40, "fields": {"fin_co_no": "0011625", "fin_prdt_cd": "230-0118-14", "kor_co_nm": "신한은행", "fin_prdt_nm": "한 달부터 적금\n(매주입금)", "join_way": "영업점,스마트폰", "mtrt_int": "-1개월 이하:(일반) 정기적금 기본금리 1/2\n(단, 최저금리 0.10%)\n-1개월 초과~6개월 이하: (일반) 정기적금 기본금리의 1/4\n(단, 최저금리 0.10%)\n-6개월 초과 0.10%", "spcl_cnd": "※가산금리 최고 연 2.0%\n- 주 납입: 총 납입 회차의 90%이상 납입 달성", "join_member": "제한없음", "etc_note": "1.가입한도:\n- 매주입금: 주 10만원이내"}}, {"model": "savings.financialproduct", "pk": 41, "fields": {"fin_co_no": "0011625", "fin_prdt_cd": "230-0119-85", "kor_co_nm": "신한은행", "fin_prdt_nm": "신한 알.쏠 적금", "join_way": "영업점,스마트폰", "mtrt_int": "-1개월 이하:(일반) 정기적금 기본금리 1/2\n(단, 최저금리 0.10%)\n-1개월 초과~6개월 이하: (일반) 정기적금 기본금리의 1/4\n(단, 최저금리 0.10%)\n-6개월 초과 0.10%", "spcl_cnd": "※가산금리 최고 연 1.30%\n- 소득이체 : 연 0.6%\n- 카드이용 : 연 0.3%\n- 오픈뱅킹 : 연 0.6%\n- 청약보유 : 연 0.3%\n- 마케팅동의 : 연 0.1%\n※ 우대금리 항목별 자세한 적용 조건은 상품설명서 참조", "join_member": "제한없음", "etc_note": "1. 가입한도: \n월300만원 이하\n2. 1인 다계좌"}}, {"model": "savings.financialproduct", "pk": 42, "fields": {"fin_co_no": "0013175", "fin_prdt_cd": "10-047-1360-0002", "kor_co_nm": "농협은행주식회사", "fin_prdt_nm": "NH올원e 미니적금", "join_way": "스마트폰", "mtrt_int": "만기후 1년 이내 : 만기시점 계약기간별 자유로우대적금 기본금리의 1/2\n만기후 1년 초과 : 보통예금 금리", "spcl_cnd": "1. 자동이체 입금횟수 우대금리 : 최고 0.5%p\n - 5회이상 : 0.2%p, 10회이상 : 0.3%p, 15회이상 0.5%p\n2. 목표금액 달성 축하금리  : 0.5%p\n3. MZ세대(만 19~34세)) 우대금리 : 0.5%p\n4. 직전 1년간 당행 예적금(청약포함) 미보유 고객 : 0.2%p", "join_member": "개인", "etc_note": "가입기간 1개월 이상 6개월 이하(일 단위)\n\n초입금 및 매일 1천원이상  5만원이내(천원 단위)"}}, {"model": "savings.financialproduct", "pk": 43, "fields": {"fin_co_no": "0013175", "fin_prdt_cd": "10-047-1365-0001", "kor_co_nm": "농협은행주식회사", "fin_prdt_nm": "NH1934월복리적금", "join_way": "영업점,인터넷,스마트폰", "mtrt_int": "만기후 1년 이내 : 만기시점 계약기간별 기본금리의 1/2\n만기후 1년 초과 : 보통예금 금리", "spcl_cnd": "1. 급여실적 : 1.0%p (①/② 중복 적용 불가)\n ① 급여이체 실적 : 1.0%p\n ② 개인사업자 계좌 실적 :1.0%p\n2. 비대면 채널 이체 실적 : 0.3%p\n3. 마케팅 동의 : 0.2%p\n4. 농업계고 및 청년농부사관학교 졸업자 : 2.0%p", "join_member": "만19세~만34세 개인 및 개인사업자", "etc_note": "초입금 및 매회 1만원 이상, 월 50만원 이내 자유적립\n\n급여이체 실적과 개인사업자 계좌 실적 우대금리는 중복 적용 불가\n\n * 급여입금실적 인정기준\n  - 가입기간 12개월 이하 : 3개월 이상 급여이체\n  - 가입기간 24개월 이하 : 12개월 이상 급여이체"}}, {"model": "savings.financialproduct", "pk": 44, "fields": {"fin_co_no": "0013175", "fin_prdt_cd": "10-047-1381-0001", "kor_co_nm": "농협은행주식회사", "fin_prdt_nm": "NH내가Green초록세상적금", "join_way": "영업점,인터넷,스마트폰", "mtrt_int": "만기후 1년 이내 : 만기시점 계약기간별 기본금리의 1/2\n만기후 1년 초과 : 보통예금 금리", "spcl_cnd": "※ 우대금리 최대한도 : 1.0%p(연%, 세전)\n1. 온실가스 줄이기 실천서약서 동의 : 0.1%p\n2. 통장미발급 : 0.3%p\n3. 손하나로인증 서비스 등록 : 0.2%p\n4. 대중교통이용 : 0.2%p\n5. NH내가Green초록세상예금 동시 보유 : 0.2%p", "join_member": "개인", "etc_note": "초입금5만원 이상 및 매회 1만원 이상, 매월50만원이내\n(단, 만기일 전 3개월 이내에는 이전 적립금 합계액을 초과하여 입금불가)\n\n※자세한 사항은 상품설명서 참조"}}, {"model": "savings.financialproduct", "pk": 45, "fields": {"fin_co_no": "0013175", "fin_prdt_cd": "10-047-1387-0001", "kor_co_nm": "농협은행주식회사", "fin_prdt_nm": "NH고향사랑기부적금", "join_way": "영업점,인터넷,스마트폰", "mtrt_int": "만기후 1년 이내 : 만기시점 계약기간별 기본금리의 1/2\n만기후 1년 초과 : 보통예금 금리", "spcl_cnd": "1. 고향사랑기부금 납부고객 우대 : 0.5%p\n\n2-1. 만 65세 이상 고령자 우대 : 0.1%p\n2-2. 만 19~34세 MZ고객 우대 : 0.3%p\n\n3. NH채움카드 또는 [zgm.고향으로 카드] 이용실적 우대 : 0.1%p\n\n4. 고향사랑특별금리 : 0.1%p(금리시장상황에 따라 변동 가능)\n - 고향사랑특별금리는 상품 가입고객 모두에게 적용", "join_member": "개인", "etc_note": "1.초입금1만원 이상 및 매회 1천원 이상, 매월50만원이내\n\n2. 고향사랑기부금 우대금리는 농협은행/농축협 영업점 또는 고향사랑e음 홈페이지를 통한 고향사랑기부금 납부실적이 확인되는 경우 제공\n\n3. 연간 판매액의 0.1% 공익기금 적립\n\n※자세한 사항은 상품설명서 참조"}}, {"model": "savings.financialproduct", "pk": 46, "fields": {"fin_co_no": "0013175", "fin_prdt_cd": "10-059-1264-0001", "kor_co_nm": "농협은행주식회사", "fin_prdt_nm": "NH직장인월복리적금", "join_way": "영업점,인터넷,스마트폰", "mtrt_int": "만기후 3개월 이내 : 만기시점 국고채 1년물 금리\n만기후 1년 이내 : 만기시점 채움적금 계약기간별 고시금리의 50%\n만기후 1년 초과 : 만기시점 보통예금 금리", "spcl_cnd": "1. 급여입금실적 보유 고객 중\n - 가입기간 중 3개월 이상 급여이체시 : 0.3%p\n - 주택청약종합저축 또는 펀드가입 : 0.2%p\n - NH채움카드 결제실적 1백만원 이상 : 0.2%p\n2. 인터넷(스마트)뱅킹 또는 올원뱅크로 가입 : 0.1%p", "join_member": "만18세이상 개인", "etc_note": "초입금 및 매회 입금 1만원 이상 원 단위,  1인당 분기별 3백만원 이내 적립 가능\n(단,계약기간 3/4 경과 후 적립할 수 있는 금액은 이전 적립누계액의 1/2이내)"}}, {"model": "savings.financialproduct", "pk": 47, "fields": {"fin_co_no": "0013909", "fin_prdt_cd": "52", "kor_co_nm": "하나은행", "fin_prdt_nm": "주거래하나 월복리적금", "join_way": "영업점,인터넷,스마트폰", "mtrt_int": "1개월 이내 : 지급당시 해당기간별 일반정기적금 기본금리 1/2\n1개월 초과 : 지급당시 해당기간별 일반정기적금 기본금리 1/4", "spcl_cnd": "최고 연1.0%\n- 주거래하나우대(연 0.5%) : 적금만기 전전월말기준 본인명의 당행입출금통장을 통해 계약기간 1/2이상 이체된 주거래실적 1종  - 주거래플러스우대(연 0.9%) : 주거래 하나우대와 동일요건의 거래실적 2종이상 경우 \n- 온라인.재예치우대 연 최대 0.1%", "join_member": "실명의 개인\n또는 개인사업자", "etc_note": "1. 1인 1계좌만 가능\n(급여하나월복리적금,연금하나 월복리적금과 중복가입 불가)\n2. 가입금액 \n - 최저1만원~300만원이하\n3. 적립한도\n 분기당 1만원이상 300만원\n (자유적립식)"}}, {"model": "savings.financialproduct", "pk": 48, "fields": {"fin_co_no": "0013909", "fin_prdt_cd": "53", "kor_co_nm": "하나은행", "fin_prdt_nm": "내맘적금", "join_way": "영업점,인터넷,스마트폰,전화(텔레뱅킹)", "mtrt_int": "1개월 이내 : 지급당시 해당기간별 일반정기적금 기본금리 1/2\n1개월 초과 : 지급당시 해당기간별 일반정기적금 기본금리 1/4", "spcl_cnd": "하나은행 통장에서 계약기간의 1/2이상 월부금 자동이체실적 충족 시 연 0.50%", "join_member": "실명의 개인\n또는 개인사업자(1인 다계좌 가능)", "etc_note": "1. 1인 다계좌 가능\n2. 가입금액\n   - 1천원 이상~1,000만원 이하(원단위)\n3. 적립한도\n    - 자유적립식 : 매월 1원 이상~1,000만원 이하(원단위)\n    - 정액적립식 : 매월 1천원 이상~1,000만원 이하(원단위)"}}, {"model": "savings.financialproduct", "pk": 49, "fields": {"fin_co_no": "0014674", "fin_prdt_cd": "01012000200000000003", "kor_co_nm": "주식회사 케이뱅크", "fin_prdt_nm": "코드K 자유적금", "join_way": "스마트폰", "mtrt_int": "만기 후 \n- 1개월 이내: 만기시점 기본금리 X 50% \n- 1개월 초과 ~ 6개월 이내: 만기시점 기본금리 X 30%\n- 6개월 초과: 연 0.20%", "spcl_cnd": "금리우대 코드를 입력하는 경우 우대금리 적용", "join_member": "만 17세 이상 실명의 개인 및 개인사업자", "etc_note": "가입금액: 1만원 이상 30만원 이하\n가입기간: 6개월, 1년, 2년, 3년 \n(1인 최대 3계좌)"}}, {"model": "savings.financialproduct", "pk": 50, "fields": {"fin_co_no": "0014674", "fin_prdt_cd": "01012000210000000000", "kor_co_nm": "주식회사 케이뱅크", "fin_prdt_nm": "주거래우대 자유적금", "join_way": "스마트폰", "mtrt_int": "만기 후 \n- 1개월 이내: 만기시점 기본금리 X 50% \n- 1개월 초과 ~ 6개월 이내: 만기시점 기본금리 X 30%\n- 6개월 초과: 연 0.20%", "spcl_cnd": "급여이체 또는 통신비 자동이체, 체크카드 고객에게 우대금리 제공 (최고 연 0.6%)", "join_member": "만 17세 이상 실명의 개인 및 개인사업자", "etc_note": "가입금액: 1천원 이상 300만원 이하\n가입기간: 6개월 ~ 36개월\n(1인 최대 3계좌)"}}, {"model": "savings.financialproduct", "pk": 51, "fields": {"fin_co_no": "0014807", "fin_prdt_cd": "10140110400011", "kor_co_nm": "수협은행", "fin_prdt_nm": "Sh평생주거래우대적금", "join_way": "영업점", "mtrt_int": "* 만기후 1년 이내\n - 만기당시 정기적금 \n계약기간별 기본금리 1/2\n* 만기후 1년 초과\n - 만기당시 보통예금 기본금리", "spcl_cnd": "*최대우대금리:1.2%\n신규시적용금리\n-자동이체출금3건이상:0.2%\n-최초예적금고객/재예치/장기거래각0.05%(최대0.1%)\n만기시적용금리:최대0.9%\n-급여,연금이체/수협카드결제각0.3%\n-공과금이체최대0.3%\n※단위:연%p", "join_member": "실명의 개인", "etc_note": "- 1인 1계좌 \n- 월 가입한도 : 100만원"}}, {"model": "savings.financialproduct", "pk": 52, "fields": {"fin_co_no": "0014807", "fin_prdt_cd": "10140114300011", "kor_co_nm": "수협은행", "fin_prdt_nm": "Sh해양플라스틱Zero!적금\n(정액적립식)", "join_way": "영업점,인터넷,스마트폰", "mtrt_int": "* 만기후 1년 이내\n - 만기당시 정기적금 \n계약기간별 기본금리 1/2\n* 만기후 1년 초과\n - 만기당시 보통예금 기본금리", "spcl_cnd": "* 최대우대금리:0.5%\n1. 해양플라스틱감축서약 : 0.1% (신규시) \n2. 봉사활동 또는 상품홍보 : 0.2% (만기시) \n3. 입출금통장 최초신규 : 0.2% (만기시)\n4. 자동이체 출금실적 : 0.2% (만기시)\n - 수협신용카드 / 당행 펀드 / 수협체크카드\n※단위:연%p", "join_member": "실명의 개인", "etc_note": "- 1인 1계좌 \n- 월 가입한도 : 100만원"}}, {"model": "savings.financialproduct", "pk": 53, "fields": {"fin_co_no": "0014807", "fin_prdt_cd": "10140114700031", "kor_co_nm": "수협은행", "fin_prdt_nm": "헤이(Hey)적금(정액적립식)", "join_way": "스마트폰", "mtrt_int": "* 만기후 1년 이내\n - 만기당시 정기적금 \n계약기간별 기본금리 1/2\n* 만기후 1년 초과\n - 만기당시 보통예금 기본금리", "spcl_cnd": "* 최대우대금리:0.9%\n1. 마케팅동의 : 0.1% (신규시) \n2. 자동이체 납입 : 0.8% (만기시) \n\n※단위:연%p", "join_member": "실명의 개인", "etc_note": "*1인 1계좌\n*월 가입한도 : 100만원\n*스마트폰 전용"}}, {"model": "savings.financialproduct", "pk": 54, "fields": {"fin_co_no": "0014807", "fin_prdt_cd": "10141109800021", "kor_co_nm": "수협은행", "fin_prdt_nm": "Sh월복리자유적금", "join_way": "영업점,인터넷,스마트폰", "mtrt_int": "* 만기후 1년 이내\n - 만기당시 상호부금\n계약기간별 기본금리 1/2\n* 만기후 1년 초과\n - 만기당시 보통예금 기본금리", "spcl_cnd": "*최대우대금리:0.7%\n-첫거래고객:0.3%\n-카드거래:최대0.3%\n-복수거래:0.1%\n-요구불거래:최대0.2%\n-인터넷뱅킹고객:0.1%\n-자동이체실적:0.1%\n※단위:연%p", "join_member": "실명의 개인 및 개인사업자", "etc_note": "- 1인 1계좌\n- 월 가입한도 : 100만원"}}, {"model": "savings.financialproduct", "pk": 55, "fields": {"fin_co_no": "0014807", "fin_prdt_cd": "10141114300011", "kor_co_nm": "수협은행", "fin_prdt_nm": "Sh해양플라스틱Zero!적금\n(자유적립식)", "join_way": "영업점,인터넷,스마트폰", "mtrt_int": "* 만기후 1년 이내\n - 만기당시 상호부금 \n계약기간별 기본금리 1/2\n* 만기후 1년 초과\n - 만기당시 보통예금 기본금리", "spcl_cnd": "* 최대우대금리:0.5%\n1. 해양플라스틱감축서약 : 0.1% (신규시) \n2. 봉사활동 또는 상품홍보 : 0.2% (만기시) \n3. 입출금통장 최초신규 : 0.2% (만기시)\n4. 자동이체 출금실적 : 0.2% (만기시)\n - 수협신용카드 / 당행 펀드 / 수협체크카드\n※단위:연%p", "join_member": "실명의 개인", "etc_note": "- 1인 1계좌 \n- 월 가입한도 : 20만원"}}, {"model": "savings.financialproduct", "pk": 56, "fields": {"fin_co_no": "0014807", "fin_prdt_cd": "10141114700031", "kor_co_nm": "수협은행", "fin_prdt_nm": "헤이(Hey)적금(자유적립식)", "join_way": "스마트폰", "mtrt_int": "* 만기후 1년 이내\n - 만기당시 상호부금\n계약기간별 기본금리 1/2\n* 만기후 1년 초과\n - 만기당시 보통예금 기본금리", "spcl_cnd": "* 최대우대금리:0.9%\n1. 마케팅동의 : 0.1% (신규시) \n2. 자동이체 납입 : 0.8% (만기시) \n\n※단위:연%p", "join_member": "실명의 개인", "etc_note": "*1인 1계좌\n*월 가입한도 : 100만원\n*스마트폰 전용"}}, {"model": "savings.financialproduct", "pk": 57, "fields": {"fin_co_no": "0015130", "fin_prdt_cd": "10-01-30-355-0002", "kor_co_nm": "주식회사 카카오뱅크", "fin_prdt_nm": "카카오뱅크 자유적금", "join_way": "스마트폰", "mtrt_int": "- 만기 후 1개월 이내 : 가입(또는 자동연장)시점 기본금리x50%\n- 만기 후 1개월초과 3개월 이내 : 가입(또는 자동연장)시점 기본금리x30%\n- 만기 후 3개월 초과 : 0.20%", "spcl_cnd": "자동이체시 우대금리 제공 : 연 0.20%p\n - 제공조건 : 전체 계약월수의 1/2이상을 자동이체로 납입하고 만기 해지하는 경우\n - 유의사항 : 만기 자동연장된 원리금은 우대금리를 제공하지 않음", "join_member": "만 17세 이상의 실명의 개인", "etc_note": "1. 가입방법 : 스마트폰\n2. 가입금액 : 1천원 이상(원단위)\n3. 가입기간 : 6개월 이상 ~ 36개월 이하(월, 일단위 지정 가능)\n4. 월 적립한도 : 1천원 이상 월 300만원 이하 원단위(단, 자동연장된 원리금은 월 적립한도에 포함되지 않음)"}}, {"model": "savings.financialproduct", "pk": 58, "fields": {"fin_co_no": "0015130", "fin_prdt_cd": "10-01-30-355-0005", "kor_co_nm": "주식회사 카카오뱅크", "fin_prdt_nm": "카카오뱅크 26주적금", "join_way": "스마트폰", "mtrt_int": "- 만기 후 1개월 이내 : 가입시점 기본금리x50%\n- 만기 후 1개월초과 3개월 이내 : 가입시점 기본금리x30%\n- 만기 후 3개월 초과 : 0.20%", "spcl_cnd": "자동이체 연속 성공 우대금리 제공 : 최고 연 3.00%p\n- 제공조건\n① 7주차까지 자동이체 납입을 연속 성공하고 만기해지 하는 경우 연 1.00%p 제공\n② 26주차까지 자동이체 납입을 연속 성공하고 만기해지 하는 경우 연 2.00%p 추가 제공\n- 유의사항 : 자동이체 실패한 주차를 빈자리채우기 하여도 성공으로 인정되지 않음", "join_member": "만 17세 이상의 실명의 개인", "etc_note": "1. 가입방법 : 스마트폰\n2. 가입금액 : 1천원, 2천원, 3천원, 5천원, 1만원\n3. 가입기간 : 6개월\n4. 26주적금서비스(자동이체)를 통해서 납입이 가능하며, 그 외의 입금은 모두 제한됨\n(단, 26주적금 서비스를 통한 납입 실패 시 빈자리 채우기로 납입 가능)"}}, {"model": "savings.financialproduct", "pk": 59, "fields": {"fin_co_no": "0015130", "fin_prdt_cd": "10-01-30-355-0006", "kor_co_nm": "주식회사 카카오뱅크", "fin_prdt_nm": "카카오뱅크 한달적금", "join_way": "스마트폰", "mtrt_int": "- 만기 후 1개월 이내 : 가입시점 기본금리x50%\n- 만기 후 1개월초과 3개월 이내 : 가입시점 기본금리x30%\n- 만기 후 3개월 초과 : 0.20%", "spcl_cnd": "매일/보너스 우대금리 제공 : 최고 연 5.50%p\n- 제공조건\n① 매일 우대금리 : 매 입금 시 마다 연 0.10%p 제공(최대 연 3.10%p)\n② 보너스 우대금리 : 누적하여 5/10/15/20/25/31회 입금 시 해당 우대금리 제공(최대 연 2.40%p)\n- 유의사항 : 만기 해지하는 경우에만 제공", "join_member": "만 17세 이상의 실명의 개인", "etc_note": "1. 가입방법 : 스마트폰\n2. 납입금액 : 1회 100원 이상 3만원 이하(원단위)\n3. 가입기간 : 31일\n4. 직접 납입을 통해서 1일 1회만 입금 가능하며, 그 외의 입금은 모두 제한됨"}}, {"model": "savings.financialproduct", "pk": 60, "fields": {"fin_co_no": "0017801", "fin_prdt_cd": "1001303001001", "kor_co_nm": "토스뱅크 주식회사", "fin_prdt_nm": "토스뱅크 키워봐요 적금", "join_way": "스마트폰", "mtrt_int": "· 만기 후 1개월 이내 : 만기시점 기본금리 X 50% \n· 만기 후 1개월 초과 3개월 이내 : 만기시점 기본금리 X 20% \n· 만기 후 3개월 초과 : 연 0.10%", "spcl_cnd": "· 적금 가입 시 설정되는 주 단위 자동이체를 통하여 25회 이상 적립한 경우 : 연 2.00% 제공", "join_member": "· 토스뱅크 통장 또는 토스뱅크 서브 통장을 보유한 실명의 개인", "etc_note": "· 1인 1계좌 (단, 이벤트 등으로 토스뱅크가 복수의 계좌개설을 허용하는 경우 추가 개설 가능)\n· 가입금액 : 0원\n· 우대금리는 우대조건을 달성하고 만기 해지하는 경우에만 제공됨"}}, {"model": "savings.financialproduct", "pk": 61, "fields": {"fin_co_no": "0017801", "fin_prdt_cd": "1001303001003", "kor_co_nm": "토스뱅크 주식회사", "fin_prdt_nm": "토스뱅크 굴비 적금", "join_way": "스마트폰", "mtrt_int": "· 만기 후 1개월 이내 : 만기시점 기본금리 X 50% \n· 만기 후 1개월 초과 3개월 이내 : 만기시점 기본금리 X 20% \n· 만기 후 3개월 초과 : 연 0.10%", "spcl_cnd": "· 만기 해지 시 : 연 2.50% 제공", "join_member": "· 토스뱅크 통장 또는 토스뱅크 서브 통장을 보유한 실명의 개인", "etc_note": "· 1인 1계좌 (단, 이벤트 등으로 토스뱅크가 복수의 계좌개설을 허용하는 경우 추가 개설 가능)\n· 가입금액 : 0원\n· 우대금리는 만기 해지하는 경우에만 제공됨"}}, {"model": "savings.financialproduct", "pk": 62, "fields": {"fin_co_no": "0017801", "fin_prdt_cd": "1001303001004", "kor_co_nm": "토스뱅크 주식회사", "fin_prdt_nm": "토스뱅크 자유 적금", "join_way": "스마트폰", "mtrt_int": "· 만기 후 1개월 이내 : 만기시점 기본금리 X 50% \n· 만기 후 1개월 초과 3개월 이내 : 만기시점 기본금리 X 20% \n· 만기 후 3개월 초과 : 연 0.10%", "spcl_cnd": "· 적금 가입 시 설정되는 월 단위 자동이체를 모두 성공하는 경우 : 연 0.50% 제공", "join_member": "· 토스뱅크 통장 또는 토스뱅크 서브 통장을 보유한 실명의 개인", "etc_note": "· 1인 1계좌 (단, 이벤트 등으로 토스뱅크가 복수의 계좌개설을 허용하는 경우 추가 개설 가능)\n· 가입금액 : 0원 이상 300만원 이하\n· 우대금리는 만기 해지하는 경우에만 제공됨"}}, {"model": "savings.financialproduct", "pk": 63, "fields": {"fin_co_no": "0017801", "fin_prdt_cd": "1001303001005", "kor_co_nm": "토스뱅크 주식회사", "fin_prdt_nm": "토스뱅크 아이 적금", "join_way": "스마트폰", "mtrt_int": "· 만기 후 1개월 이내 : 만기시점 기본금리 X 50% \n· 만기 후 1개월 초과 3개월 이내 : 만기시점 기본금리 X 20% \n· 만기 후 3개월 초과 : 연 0.10%", "spcl_cnd": "· 적금 가입 시 설정되는 월 단위 자동이체를 모두 성공하는 경우 : 연 2.50% 제공", "join_member": "· 토스뱅크 아이 통장을 보유한 15세 이하 실명의 개인", "etc_note": "· 1인 1계좌 \n· 가입금액 : 0원\n· 우대금리는 만기 해지하는 경우에만 제공됨"}}, {"model": "savings.optionlist", "pk": 1, "fields": {"financial_product": 1, "fin_prdt_cd": "WR0001F", "intr_rate_type": "S", "intr_rate_type_nm": "단리", "rsrv_type": "S", "rsrv_type_nm": "정액적립식", "save_trm": "12", "intr_rate": 2.75, "intr_rate2": 4.65}}, {"model": "savings.optionlist", "pk": 2, "fields": {"financial_product": 1, "fin_prdt_cd": "WR0001F", "intr_rate_type": "S", "intr_rate_type_nm": "단리", "rsrv_type": "S", "rsrv_type_nm": "정액적립식", "save_trm": "24", "intr_rate": 2.8, "intr_rate2": 4.7}}, {"model": "savings.optionlist", "pk": 3, "fields": {"financial_product": 1, "fin_prdt_cd": "WR0001F", "intr_rate_type": "S", "intr_rate_type_nm": "단리", "rsrv_type": "S", "rsrv_type_nm": "정액적립식", "save_trm": "36", "intr_rate": 2.85, "intr_rate2": 4.75}}, {"model": "savings.optionlist", "pk": 4, "fields": {"financial_product": 1, "fin_prdt_cd": "WR0001F", "intr_rate_type": "S", "intr_rate_type_nm": "단리", "rsrv_type": "F", "rsrv_type_nm": "자유적립식", "save_trm": "12", "intr_rate": 2.55, "intr_rate2": 4.45}}, {"model": "savings.optionlist", "pk": 5, "fields": {"financial_product": 1, "fin_prdt_cd": "WR0001F", "intr_rate_type": "S", "intr_rate_type_nm": "단리", "rsrv_type": "F", "rsrv_type_nm": "자유적립식", "save_trm": "24", "intr_rate": 2.6, "intr_rate2": 4.5}}, {"model": "savings.optionlist", "pk": 6, "fields": {"financial_product": 1, "fin_prdt_cd": "WR0001F", "intr_rate_type": "S", "intr_rate_type_nm": "단리", "rsrv_type": "F", "rsrv_type_nm": "자유적립식", "save_trm": "36", "intr_rate": 2.65, "intr_rate2": 4.55}}, {"model": "savings.optionlist", "pk": 7, "fields": {"financial_product": 2, "fin_prdt_cd": "WR0001L", "intr_rate_type": "S", "intr_rate_type_nm": "단리", "rsrv_type": "S", "rsrv_type_nm": "정액적립식", "save_trm": "12", "intr_rate": 4.0, "intr_rate2": 4.2}}, {"model": "savings.optionlist", "pk": 8, "fields": {"financial_product": 2, "fin_prdt_cd": "WR0001L", "intr_rate_type": "S", "intr_rate_type_nm": "단리", "rsrv_type": "F", "rsrv_type_nm": "자유적립식", "save_trm": "12", "intr_rate": 4.0, "intr_rate2": 4.2}}, {"model": "savings.optionlist", "pk": 9, "fields": {"financial_product": 3, "fin_prdt_cd": "00266451", "intr_rate_type": "S", "intr_rate_type_nm": "단리", "rsrv_type": "F", "rsrv_type_nm": "자유적립식", "save_trm": "36", "intr_rate": 3.45, "intr_rate2": 3.45}}, {"model": "savings.optionlist", "pk": 10, "fields": {"financial_product": 3, "fin_prdt_cd": "00266451", "intr_rate_type": "S", "intr_rate_type_nm": "단리", "rsrv_type": "F", "rsrv_type_nm": "자유적립식", "save_trm": "24", "intr_rate": 3.4, "intr_rate2": 3.4}}, {"model": "savings.optionlist", "pk": 11, "fields": {"financial_product": 3, "fin_prdt_cd": "00266451", "intr_rate_type": "S", "intr_rate_type_nm": "단리", "rsrv_type": "F", "rsrv_type_nm": "자유적립식", "save_trm": "12", "intr_rate": 3.35, "intr_rate2": 3.35}}, {"model": "savings.optionlist", "pk": 12, "fields": {"financial_product": 3, "fin_prdt_cd": "00266451", "intr_rate_type": "S", "intr_rate_type_nm": "단리", "rsrv_type": "F", "rsrv_type_nm": "자유적립식", "save_trm": "6", "intr_rate": 3.1, "intr_rate2": 3.1}}, {"model": "savings.optionlist", "pk": 13, "fields": {"financial_product": 3, "fin_prdt_cd": "00266451", "intr_rate_type": "S", "intr_rate_type_nm": "단리", "rsrv_type": "S", "rsrv_type_nm": "정액적립식", "save_trm": "36", "intr_rate": 3.6, "intr_rate2": 3.6}}, {"model": "savings.optionlist", "pk": 14, "fields": {"financial_product": 3, "fin_prdt_cd": "00266451", "intr_rate_type": "S", "intr_rate_type_nm": "단리", "rsrv_type": "S", "rsrv_type_nm": "정액적립식", "save_trm": "24", "intr_rate": 3.55, "intr_rate2": 3.55}}, {"model": "savings.optionlist", "pk": 15, "fields": {"financial_product": 3, "fin_prdt_cd": "00266451", "intr_rate_type": "S", "intr_rate_type_nm": "단리", "rsrv_type": "S", "rsrv_type_nm": "정액적립식", "save_trm": "12", "intr_rate": 3.5, "intr_rate2": 3.5}}, {"model": "savings.optionlist", "pk": 16, "fields": {"financial_product": 3, "fin_prdt_cd": "00266451", "intr_rate_type": "S", "intr_rate_type_nm": "단리", "rsrv_type": "S", "rsrv_type_nm": "정액적립식", "save_trm": "6", "intr_rate": 3.2, "intr_rate2": 3.2}}, {"model": "savings.optionlist", "pk": 17, "fields": {"financial_product": 4, "fin_prdt_cd": "10521001000846001", "intr_rate_type": "S", "intr_rate_type_nm": "단리", "rsrv_type": "S", "rsrv_type_nm": "정액적립식", "save_trm": "12", "intr_rate": 3.46, "intr_rate2": 4.01}}, {"model": "savings.optionlist", "pk": 18, "fields": {"financial_product": 4, "fin_prdt_cd": "10521001000846001", "intr_rate_type": "S", "intr_rate_type_nm": "단리", "rsrv_type": "S", "rsrv_type_nm": "정액적립식", "save_trm": "24", "intr_rate": 3.48, "intr_rate2": 4.03}}, {"model": "savings.optionlist", "pk": 19, "fields": {"financial_product": 4, "fin_prdt_cd": "10521001000846001", "intr_rate_type": "S", "intr_rate_type_nm": "단리", "rsrv_type": "S", "rsrv_type_nm": "정액적립식", "save_trm": "36", "intr_rate": 3.5, "intr_rate2": 4.05}}, {"model": "savings.optionlist", "pk": 20, "fields": {"financial_product": 5, "fin_prdt_cd": "10527001000925000", "intr_rate_type": "S", "intr_rate_type_nm": "단리", "rsrv_type": "F", "rsrv_type_nm": "자유적립식", "save_trm": "12", "intr_rate": 3.66, "intr_rate2": 4.21}}, {"model": "savings.optionlist", "pk": 21, "fields": {"financial_product": 6, "fin_prdt_cd": "10527001001272000", "intr_rate_type": "S", "intr_rate_type_nm": "단리", "rsrv_type": "F", "rsrv_type_nm": "자유적립식", "save_trm": "6", "intr_rate": 3.05, "intr_rate2": 3.85}}, {"model": "savings.optionlist", "pk": 22, "fields": {"financial_product": 6, "fin_prdt_cd": "10527001001272000", "intr_rate_type": "S", "intr_rate_type_nm": "단리", "rsrv_type": "F", "rsrv_type_nm": "자유적립식", "save_trm": "12", "intr_rate": 3.8, "intr_rate2": 4.6}}, {"model": "savings.optionlist", "pk": 23, "fields": {"financial_product": 7, "fin_prdt_cd": "10527001001278000", "intr_rate_type": "S", "intr_rate_type_nm": "단리", "rsrv_type": "F", "rsrv_type_nm": "자유적립식", "save_trm": "36", "intr_rate": 3.55, "intr_rate2": 4.0}}, {"model": "savings.optionlist", "pk": 24, "fields": {"financial_product": 7, "fin_prdt_cd": "10527001001278000", "intr_rate_type": "S", "intr_rate_type_nm": "단리", "rsrv_type": "F", "rsrv_type_nm": "자유적립식", "save_trm": "24", "intr_rate": 3.5, "intr_rate2": 3.95}}, {"model": "savings.optionlist", "pk": 25, "fields": {"financial_product": 7, "fin_prdt_cd": "10527001001278000", "intr_rate_type": "S", "intr_rate_type_nm": "단리", "rsrv_type": "F", "rsrv_type_nm": "자유적립식", "save_trm": "12", "intr_rate": 3.45, "intr_rate2": 3.9}}, {"model": "savings.optionlist", "pk": 26, "fields": {"financial_product": 7, "fin_prdt_cd": "10527001001278000", "intr_rate_type": "S", "intr_rate_type_nm": "단리", "rsrv_type": "F", "rsrv_type_nm": "자유적립식", "save_trm": "6", "intr_rate": 2.75, "intr_rate2": 3.2}}, {"model": "savings.optionlist", "pk": 27, "fields": {"financial_product": 8, "fin_prdt_cd": "01020400490001", "intr_rate_type": "S", "intr_rate_type_nm": "단리", "rsrv_type": "F", "rsrv_type_nm": "자유적립식", "save_trm": "6", "intr_rate": 3.0, "intr_rate2": 3.55}}, {"model": "savings.optionlist", "pk": 28, "fields": {"financial_product": 8, "fin_prdt_cd": "01020400490001", "intr_rate_type": "S", "intr_rate_type_nm": "단리", "rsrv_type": "F", "rsrv_type_nm": "자유적립식", "save_trm": "12", "intr_rate": 3.5, "intr_rate2": 4.4}}, {"model": "savings.optionlist", "pk": 29, "fields": {"financial_product": 9, "fin_prdt_cd": "01020400490002", "intr_rate_type": "S", "intr_rate_type_nm": "단리", "rsrv_type": "S", "rsrv_type_nm": "정액적립식", "save_trm": "6", "intr_rate": 3.1, "intr_rate2": 3.65}}, {"model": "savings.optionlist", "pk": 30, "fields": {"financial_product": 9, "fin_prdt_cd": "01020400490002", "intr_rate_type": "S", "intr_rate_type_nm": "단리", "rsrv_type": "S", "rsrv_type_nm": "정액적립식", "save_trm": "12", "intr_rate": 3.6, "intr_rate2": 4.5}}, {"model": "savings.optionlist", "pk": 31, "fields": {"financial_product": 10, "fin_prdt_cd": "01020400510001", "intr_rate_type": "S", "intr_rate_type_nm": "단리", "rsrv_type": "F", "rsrv_type_nm": "자유적립식", "save_trm": "6", "intr_rate": 3.05, "intr_rate2": 3.45}}, {"model": "savings.optionlist", "pk": 32, "fields": {"financial_product": 10, "fin_prdt_cd": "01020400510001", "intr_rate_type": "S", "intr_rate_type_nm": "단리", "rsrv_type": "F", "rsrv_type_nm": "자유적립식", "save_trm": "12", "intr_rate": 3.35, "intr_rate2": 3.75}}, {"model": "savings.optionlist", "pk": 33, "fields": {"financial_product": 10, "fin_prdt_cd": "01020400510001", "intr_rate_type": "S", "intr_rate_type_nm": "단리", "rsrv_type": "F", "rsrv_type_nm": "자유적립식", "save_trm": "24", "intr_rate": 3.05, "intr_rate2": 3.45}}, {"model": "savings.optionlist", "pk": 34, "fields": {"financial_product": 10, "fin_prdt_cd": "01020400510001", "intr_rate_type": "S", "intr_rate_type_nm": "단리", "rsrv_type": "F", "rsrv_type_nm": "자유적립식", "save_trm": "36", "intr_rate": 3.05, "intr_rate2": 3.45}}, {"model": "savings.optionlist", "pk": 35, "fields": {"financial_product": 11, "fin_prdt_cd": "01020400530001", "intr_rate_type": "S", "intr_rate_type_nm": "단리", "rsrv_type": "F", "rsrv_type_nm": "자유적립식", "save_trm": "36", "intr_rate": 2.5, "intr_rate2": 2.7}}, {"model": "savings.optionlist", "pk": 36, "fields": {"financial_product": 11, "fin_prdt_cd": "01020400530001", "intr_rate_type": "S", "intr_rate_type_nm": "단리", "rsrv_type": "F", "rsrv_type_nm": "자유적립식", "save_trm": "24", "intr_rate": 2.5, "intr_rate2": 2.7}}, {"model": "savings.optionlist", "pk": 37, "fields": {"financial_product": 11, "fin_prdt_cd": "01020400530001", "intr_rate_type": "S", "intr_rate_type_nm": "단리", "rsrv_type": "F", "rsrv_type_nm": "자유적립식", "save_trm": "12", "intr_rate": 3.0, "intr_rate2": 3.2}}, {"model": "savings.optionlist", "pk": 38, "fields": {"financial_product": 11, "fin_prdt_cd": "01020400530001", "intr_rate_type": "S", "intr_rate_type_nm": "단리", "rsrv_type": "F", "rsrv_type_nm": "자유적립식", "save_trm": "6", "intr_rate": 2.9, "intr_rate2": 3.1}}, {"model": "savings.optionlist", "pk": 39, "fields": {"financial_product": 12, "fin_prdt_cd": "TD11330029000", "intr_rate_type": "S", "intr_rate_type_nm": "단리", "rsrv_type": "S", "rsrv_type_nm": "정액적립식", "save_trm": "6", "intr_rate": 3.1, "intr_rate2": 4.3}}, {"model": "savings.optionlist", "pk": 40, "fields": {"financial_product": 12, "fin_prdt_cd": "TD11330029000", "intr_rate_type": "S", "intr_rate_type_nm": "단리", "rsrv_type": "S", "rsrv_type_nm": "정액적립식", "save_trm": "12", "intr_rate": 3.3, "intr_rate2": 4.5}}, {"model": "savings.optionlist", "pk": 41, "fields": {"financial_product": 12, "fin_prdt_cd": "TD11330029000", "intr_rate_type": "S", "intr_rate_type_nm": "단리", "rsrv_type": "S", "rsrv_type_nm": "정액적립식", "save_trm": "24", "intr_rate": 3.4, "intr_rate2": 4.6}}, {"model": "savings.optionlist", "pk": 42, "fields": {"financial_product": 12, "fin_prdt_cd": "TD11330029000", "intr_rate_type": "S", "intr_rate_type_nm": "단리", "rsrv_type": "S", "rsrv_type_nm": "정액적립식", "save_trm": "36", "intr_rate": 3.5, "intr_rate2": 4.7}}, {"model": "savings.optionlist", "pk": 43, "fields": {"financial_product": 12, "fin_prdt_cd": "TD11330029000", "intr_rate_type": "S", "intr_rate_type_nm": "단리", "rsrv_type": "F", "rsrv_type_nm": "자유적립식", "save_trm": "6", "intr_rate": 2.9, "intr_rate2": 4.1}}, {"model": "savings.optionlist", "pk": 44, "fields": {"financial_product": 12, "fin_prdt_cd": "TD11330029000", "intr_rate_type": "S", "intr_rate_type_nm": "단리", "rsrv_type": "F", "rsrv_type_nm": "자유적립식", "save_trm": "12", "intr_rate": 3.1, "intr_rate2": 4.3}}, {"model": "savings.optionlist", "pk": 45, "fields": {"financial_product": 12, "fin_prdt_cd": "TD11330029000", "intr_rate_type": "S", "intr_rate_type_nm": "단리", "rsrv_type": "F", "rsrv_type_nm": "자유적립식", "save_trm": "24", "intr_rate": 3.2, "intr_rate2": 4.4}}, {"model": "savings.optionlist", "pk": 46, "fields": {"financial_product": 12, "fin_prdt_cd": "TD11330029000", "intr_rate_type": "S", "intr_rate_type_nm": "단리", "rsrv_type": "F", "rsrv_type_nm": "자유적립식", "save_trm": "36", "intr_rate": 3.3, "intr_rate2": 4.5}}, {"model": "savings.optionlist", "pk": 47, "fields": {"financial_product": 13, "fin_prdt_cd": "TD11330030000", "intr_rate_type": "S", "intr_rate_type_nm": "단리", "rsrv_type": "F", "rsrv_type_nm": "자유적립식", "save_trm": "12", "intr_rate": 3.0, "intr_rate2": 4.9}}, {"model": "savings.optionlist", "pk": 48, "fields": {"financial_product": 13, "fin_prdt_cd": "TD11330030000", "intr_rate_type": "S", "intr_rate_type_nm": "단리", "rsrv_type": "S", "rsrv_type_nm": "정액적립식", "save_trm": "12", "intr_rate": 3.2, "intr_rate2": 5.1}}, {"model": "savings.optionlist", "pk": 49, "fields": {"financial_product": 14, "fin_prdt_cd": "TD11330031000", "intr_rate_type": "S", "intr_rate_type_nm": "단리", "rsrv_type": "S", "rsrv_type_nm": "정액적립식", "save_trm": "12", "intr_rate": 3.6, "intr_rate2": 4.1}}, {"model": "savings.optionlist", "pk": 50, "fields": {"financial_product": 14, "fin_prdt_cd": "TD11330031000", "intr_rate_type": "S", "intr_rate_type_nm": "단리", "rsrv_type": "F", "rsrv_type_nm": "자유적립식", "save_trm": "12", "intr_rate": 3.3, "intr_rate2": 3.8}}, {"model": "savings.optionlist", "pk": 51, "fields": {"financial_product": 15, "fin_prdt_cd": "TD11330032000", "intr_rate_type": "S", "intr_rate_type_nm": "단리", "rsrv_type": "S", "rsrv_type_nm": "정액적립식", "save_trm": "12", "intr_rate": 3.2, "intr_rate2": 6.0}}, {"model": "savings.optionlist", "pk": 52, "fields": {"financial_product": 15, "fin_prdt_cd": "TD11330032000", "intr_rate_type": "S", "intr_rate_type_nm": "단리", "rsrv_type": "F", "rsrv_type_nm": "자유적립식", "save_trm": "12", "intr_rate": 3.0, "intr_rate2": 5.8}}, {"model": "savings.optionlist", "pk": 53, "fields": {"financial_product": 16, "fin_prdt_cd": "220002101", "intr_rate_type": "S", "intr_rate_type_nm": "단리", "rsrv_type": "F", "rsrv_type_nm": "자유적립식", "save_trm": "6", "intr_rate": 3.15, "intr_rate2": 5.25}}, {"model": "savings.optionlist", "pk": 54, "fields": {"financial_product": 16, "fin_prdt_cd": "220002101", "intr_rate_type": "S", "intr_rate_type_nm": "단리", "rsrv_type": "F", "rsrv_type_nm": "자유적립식", "save_trm": "12", "intr_rate": 3.45, "intr_rate2": 5.55}}, {"model": "savings.optionlist", "pk": 55, "fields": {"financial_product": 17, "fin_prdt_cd": "220002501", "intr_rate_type": "S", "intr_rate_type_nm": "단리", "rsrv_type": "F", "rsrv_type_nm": "자유적립식", "save_trm": "12", "intr_rate": 3.8, "intr_rate2": 5.8}}, {"model": "savings.optionlist", "pk": 56, "fields": {"financial_product": 17, "fin_prdt_cd": "220002501", "intr_rate_type": "S", "intr_rate_type_nm": "단리", "rsrv_type": "F", "rsrv_type_nm": "자유적립식", "save_trm": "24", "intr_rate": 4.0, "intr_rate2": 6.0}}, {"model": "savings.optionlist", "pk": 57, "fields": {"financial_product": 18, "fin_prdt_cd": "220002701", "intr_rate_type": "S", "intr_rate_type_nm": "단리", "rsrv_type": "F", "rsrv_type_nm": "자유적립식", "save_trm": "12", "intr_rate": 2.5, "intr_rate2": 5.2}}, {"model": "savings.optionlist", "pk": 58, "fields": {"financial_product": 18, "fin_prdt_cd": "220002701", "intr_rate_type": "S", "intr_rate_type_nm": "단리", "rsrv_type": "F", "rsrv_type_nm": "자유적립식", "save_trm": "6", "intr_rate": 2.3, "intr_rate2": 5.0}}, {"model": "savings.optionlist", "pk": 59, "fields": {"financial_product": 19, "fin_prdt_cd": "10-01-30-031-0018-0000", "intr_rate_type": "S", "intr_rate_type_nm": "단리", "rsrv_type": "F", "rsrv_type_nm": "자유적립식", "save_trm": "12", "intr_rate": 3.35, "intr_rate2": 3.45}}, {"model": "savings.optionlist", "pk": 60, "fields": {"financial_product": 19, "fin_prdt_cd": "10-01-30-031-0018-0000", "intr_rate_type": "S", "intr_rate_type_nm": "단리", "rsrv_type": "F", "rsrv_type_nm": "자유적립식", "save_trm": "24", "intr_rate": 3.45, "intr_rate2": 3.55}}, {"model": "savings.optionlist", "pk": 61, "fields": {"financial_product": 19, "fin_prdt_cd": "10-01-30-031-0018-0000", "intr_rate_type": "S", "intr_rate_type_nm": "단리", "rsrv_type": "F", "rsrv_type_nm": "자유적립식", "save_trm": "36", "intr_rate": 3.45, "intr_rate2": 3.55}}, {"model": "savings.optionlist", "pk": 62, "fields": {"financial_product": 20, "fin_prdt_cd": "10-01-30-031-0036", "intr_rate_type": "S", "intr_rate_type_nm": "단리", "rsrv_type": "S", "rsrv_type_nm": "정액적립식", "save_trm": "12", "intr_rate": 3.45, "intr_rate2": 3.55}}, {"model": "savings.optionlist", "pk": 63, "fields": {"financial_product": 20, "fin_prdt_cd": "10-01-30-031-0036", "intr_rate_type": "S", "intr_rate_type_nm": "단리", "rsrv_type": "S", "rsrv_type_nm": "정액적립식", "save_trm": "24", "intr_rate": 3.55, "intr_rate2": 3.65}}, {"model": "savings.optionlist", "pk": 64, "fields": {"financial_product": 20, "fin_prdt_cd": "10-01-30-031-0036", "intr_rate_type": "S", "intr_rate_type_nm": "단리", "rsrv_type": "S", "rsrv_type_nm": "정액적립식", "save_trm": "36", "intr_rate": 3.55, "intr_rate2": 3.65}}, {"model": "savings.optionlist", "pk": 65, "fields": {"financial_product": 21, "fin_prdt_cd": "10-01-30-031-0038-0000", "intr_rate_type": "S", "intr_rate_type_nm": "단리", "rsrv_type": "S", "rsrv_type_nm": "정액적립식", "save_trm": "12", "intr_rate": 3.15, "intr_rate2": 4.35}}, {"model": "savings.optionlist", "pk": 66, "fields": {"financial_product": 22, "fin_prdt_cd": "10-01-30-031-0048-0000", "intr_rate_type": "S", "intr_rate_type_nm": "단리", "rsrv_type": "S", "rsrv_type_nm": "정액적립식", "save_trm": "12", "intr_rate": 3.2, "intr_rate2": 5.0}}, {"model": "savings.optionlist", "pk": 67, "fields": {"financial_product": 23, "fin_prdt_cd": "10-01-30-031-0049-0000", "intr_rate_type": "S", "intr_rate_type_nm": "단리", "rsrv_type": "S", "rsrv_type_nm": "정액적립식", "save_trm": "6", "intr_rate": 2.0, "intr_rate2": 6.0}}, {"model": "savings.optionlist", "pk": 68, "fields": {"financial_product": 24, "fin_prdt_cd": "21000111", "intr_rate_type": "S", "intr_rate_type_nm": "단리", "rsrv_type": "S", "rsrv_type_nm": "정액적립식", "save_trm": "36", "intr_rate": 3.8, "intr_rate2": 4.8}}, {"model": "savings.optionlist", "pk": 69, "fields": {"financial_product": 24, "fin_prdt_cd": "21000111", "intr_rate_type": "S", "intr_rate_type_nm": "단리", "rsrv_type": "S", "rsrv_type_nm": "정액적립식", "save_trm": "24", "intr_rate": 3.7, "intr_rate2": 4.7}}, {"model": "savings.optionlist", "pk": 70, "fields": {"financial_product": 24, "fin_prdt_cd": "21000111", "intr_rate_type": "S", "intr_rate_type_nm": "단리", "rsrv_type": "S", "rsrv_type_nm": "정액적립식", "save_trm": "12", "intr_rate": 3.6, "intr_rate2": 4.6}}, {"model": "savings.optionlist", "pk": 71, "fields": {"financial_product": 25, "fin_prdt_cd": "21001116", "intr_rate_type": "S", "intr_rate_type_nm": "단리", "rsrv_type": "F", "rsrv_type_nm": "자유적립식", "save_trm": "6", "intr_rate": 3.45, "intr_rate2": 4.15}}, {"model": "savings.optionlist", "pk": 72, "fields": {"financial_product": 25, "fin_prdt_cd": "21001116", "intr_rate_type": "S", "intr_rate_type_nm": "단리", "rsrv_type": "F", "rsrv_type_nm": "자유적립식", "save_trm": "12", "intr_rate": 3.75, "intr_rate2": 4.45}}, {"model": "savings.optionlist", "pk": 73, "fields": {"financial_product": 25, "fin_prdt_cd": "21001116", "intr_rate_type": "S", "intr_rate_type_nm": "단리", "rsrv_type": "F", "rsrv_type_nm": "자유적립식", "save_trm": "24", "intr_rate": 3.85, "intr_rate2": 4.55}}, {"model": "savings.optionlist", "pk": 74, "fields": {"financial_product": 26, "fin_prdt_cd": "21001199", "intr_rate_type": "S", "intr_rate_type_nm": "단리", "rsrv_type": "F", "rsrv_type_nm": "자유적립식", "save_trm": "1", "intr_rate": 2.5, "intr_rate2": 5.0}}, {"model": "savings.optionlist", "pk": 75, "fields": {"financial_product": 26, "fin_prdt_cd": "21001199", "intr_rate_type": "S", "intr_rate_type_nm": "단리", "rsrv_type": "F", "rsrv_type_nm": "자유적립식", "save_trm": "6", "intr_rate": 2.75, "intr_rate2": 5.25}}, {"model": "savings.optionlist", "pk": 76, "fields": {"financial_product": 26, "fin_prdt_cd": "21001199", "intr_rate_type": "S", "intr_rate_type_nm": "단리", "rsrv_type": "F", "rsrv_type_nm": "자유적립식", "save_trm": "12", "intr_rate": 3.05, "intr_rate2": 5.55}}, {"model": "savings.optionlist", "pk": 77, "fields": {"financial_product": 26, "fin_prdt_cd": "21001199", "intr_rate_type": "S", "intr_rate_type_nm": "단리", "rsrv_type": "F", "rsrv_type_nm": "자유적립식", "save_trm": "24", "intr_rate": 3.15, "intr_rate2": 5.65}}, {"model": "savings.optionlist", "pk": 78, "fields": {"financial_product": 26, "fin_prdt_cd": "21001199", "intr_rate_type": "S", "intr_rate_type_nm": "단리", "rsrv_type": "F", "rsrv_type_nm": "자유적립식", "save_trm": "36", "intr_rate": 3.25, "intr_rate2": 5.75}}, {"model": "savings.optionlist", "pk": 79, "fields": {"financial_product": 27, "fin_prdt_cd": "21001236", "intr_rate_type": "S", "intr_rate_type_nm": "단리", "rsrv_type": "S", "rsrv_type_nm": "정액적립식", "save_trm": "36", "intr_rate": 3.65, "intr_rate2": 5.25}}, {"model": "savings.optionlist", "pk": 80, "fields": {"financial_product": 27, "fin_prdt_cd": "21001236", "intr_rate_type": "S", "intr_rate_type_nm": "단리", "rsrv_type": "S", "rsrv_type_nm": "정액적립식", "save_trm": "24", "intr_rate": 3.6, "intr_rate2": 5.2}}, {"model": "savings.optionlist", "pk": 81, "fields": {"financial_product": 27, "fin_prdt_cd": "21001236", "intr_rate_type": "S", "intr_rate_type_nm": "단리", "rsrv_type": "S", "rsrv_type_nm": "정액적립식", "save_trm": "12", "intr_rate": 3.55, "intr_rate2": 5.15}}, {"model": "savings.optionlist", "pk": 82, "fields": {"financial_product": 28, "fin_prdt_cd": "21001259", "intr_rate_type": "S", "intr_rate_type_nm": "단리", "rsrv_type": "F", "rsrv_type_nm": "자유적립식", "save_trm": "1", "intr_rate": 3.45, "intr_rate2": 5.2}}, {"model": "savings.optionlist", "pk": 83, "fields": {"financial_product": 28, "fin_prdt_cd": "21001259", "intr_rate_type": "S", "intr_rate_type_nm": "단리", "rsrv_type": "F", "rsrv_type_nm": "자유적립식", "save_trm": "3", "intr_rate": 3.45, "intr_rate2": 5.2}}, {"model": "savings.optionlist", "pk": 84, "fields": {"financial_product": 28, "fin_prdt_cd": "21001259", "intr_rate_type": "S", "intr_rate_type_nm": "단리", "rsrv_type": "F", "rsrv_type_nm": "자유적립식", "save_trm": "6", "intr_rate": 3.45, "intr_rate2": 5.2}}, {"model": "savings.optionlist", "pk": 85, "fields": {"financial_product": 29, "fin_prdt_cd": "21001268", "intr_rate_type": "S", "intr_rate_type_nm": "단리", "rsrv_type": "F", "rsrv_type_nm": "자유적립식", "save_trm": "1", "intr_rate": 2.5, "intr_rate2": 8.0}}, {"model": "savings.optionlist", "pk": 86, "fields": {"financial_product": 30, "fin_prdt_cd": "01211210113", "intr_rate_type": "S", "intr_rate_type_nm": "단리", "rsrv_type": "F", "rsrv_type_nm": "자유적립식", "save_trm": "1", "intr_rate": 3.2, "intr_rate2": 4.7}}, {"model": "savings.optionlist", "pk": 87, "fields": {"financial_product": 30, "fin_prdt_cd": "01211210113", "intr_rate_type": "S", "intr_rate_type_nm": "단리", "rsrv_type": "F", "rsrv_type_nm": "자유적립식", "save_trm": "3", "intr_rate": 3.2, "intr_rate2": 4.7}}, {"model": "savings.optionlist", "pk": 88, "fields": {"financial_product": 30, "fin_prdt_cd": "01211210113", "intr_rate_type": "S", "intr_rate_type_nm": "단리", "rsrv_type": "F", "rsrv_type_nm": "자유적립식", "save_trm": "6", "intr_rate": 3.4, "intr_rate2": 4.9}}, {"model": "savings.optionlist", "pk": 89, "fields": {"financial_product": 30, "fin_prdt_cd": "01211210113", "intr_rate_type": "S", "intr_rate_type_nm": "단리", "rsrv_type": "F", "rsrv_type_nm": "자유적립식", "save_trm": "12", "intr_rate": 3.6, "intr_rate2": 5.1}}, {"model": "savings.optionlist", "pk": 90, "fields": {"financial_product": 31, "fin_prdt_cd": "01211210121", "intr_rate_type": "S", "intr_rate_type_nm": "단리", "rsrv_type": "F", "rsrv_type_nm": "자유적립식", "save_trm": "12", "intr_rate": 3.0, "intr_rate2": 7.0}}, {"model": "savings.optionlist", "pk": 91, "fields": {"financial_product": 32, "fin_prdt_cd": "01211210122", "intr_rate_type": "S", "intr_rate_type_nm": "단리", "rsrv_type": "F", "rsrv_type_nm": "자유적립식", "save_trm": "12", "intr_rate": 3.5, "intr_rate2": 5.7}}, {"model": "savings.optionlist", "pk": 92, "fields": {"financial_product": 33, "fin_prdt_cd": "03101", "intr_rate_type": "S", "intr_rate_type_nm": "단리", "rsrv_type": "S", "rsrv_type_nm": "정액적립식", "save_trm": "36", "intr_rate": 2.96, "intr_rate2": 2.96}}, {"model": "savings.optionlist", "pk": 93, "fields": {"financial_product": 33, "fin_prdt_cd": "03101", "intr_rate_type": "S", "intr_rate_type_nm": "단리", "rsrv_type": "S", "rsrv_type_nm": "정액적립식", "save_trm": "24", "intr_rate": 2.91, "intr_rate2": 2.91}}, {"model": "savings.optionlist", "pk": 94, "fields": {"financial_product": 33, "fin_prdt_cd": "03101", "intr_rate_type": "S", "intr_rate_type_nm": "단리", "rsrv_type": "S", "rsrv_type_nm": "정액적립식", "save_trm": "12", "intr_rate": 2.87, "intr_rate2": 2.87}}, {"model": "savings.optionlist", "pk": 95, "fields": {"financial_product": 33, "fin_prdt_cd": "03101", "intr_rate_type": "S", "intr_rate_type_nm": "단리", "rsrv_type": "S", "rsrv_type_nm": "정액적립식", "save_trm": "6", "intr_rate": 2.88, "intr_rate2": 2.88}}, {"model": "savings.optionlist", "pk": 96, "fields": {"financial_product": 34, "fin_prdt_cd": "03700", "intr_rate_type": "S", "intr_rate_type_nm": "단리", "rsrv_type": "F", "rsrv_type_nm": "자유적립식", "save_trm": "1", "intr_rate": 3.1, "intr_rate2": 3.1}}, {"model": "savings.optionlist", "pk": 97, "fields": {"financial_product": 34, "fin_prdt_cd": "03700", "intr_rate_type": "S", "intr_rate_type_nm": "단리", "rsrv_type": "F", "rsrv_type_nm": "자유적립식", "save_trm": "3", "intr_rate": 3.1, "intr_rate2": 3.1}}, {"model": "savings.optionlist", "pk": 98, "fields": {"financial_product": 34, "fin_prdt_cd": "03700", "intr_rate_type": "S", "intr_rate_type_nm": "단리", "rsrv_type": "F", "rsrv_type_nm": "자유적립식", "save_trm": "6", "intr_rate": 3.28, "intr_rate2": 3.28}}, {"model": "savings.optionlist", "pk": 99, "fields": {"financial_product": 34, "fin_prdt_cd": "03700", "intr_rate_type": "S", "intr_rate_type_nm": "단리", "rsrv_type": "F", "rsrv_type_nm": "자유적립식", "save_trm": "12", "intr_rate": 3.37, "intr_rate2": 3.37}}, {"model": "savings.optionlist", "pk": 100, "fields": {"financial_product": 34, "fin_prdt_cd": "03700", "intr_rate_type": "S", "intr_rate_type_nm": "단리", "rsrv_type": "F", "rsrv_type_nm": "자유적립식", "save_trm": "24", "intr_rate": 3.41, "intr_rate2": 3.41}}, {"model": "savings.optionlist", "pk": 101, "fields": {"financial_product": 34, "fin_prdt_cd": "03700", "intr_rate_type": "S", "intr_rate_type_nm": "단리", "rsrv_type": "F", "rsrv_type_nm": "자유적립식", "save_trm": "36", "intr_rate": 3.46, "intr_rate2": 3.46}}, {"model": "savings.optionlist", "pk": 102, "fields": {"financial_product": 35, "fin_prdt_cd": "010200100051", "intr_rate_type": "S", "intr_rate_type_nm": "단리", "rsrv_type": "S", "rsrv_type_nm": "정액적립식", "save_trm": "12", "intr_rate": 2.75, "intr_rate2": 3.65}}, {"model": "savings.optionlist", "pk": 103, "fields": {"financial_product": 35, "fin_prdt_cd": "010200100051", "intr_rate_type": "S", "intr_rate_type_nm": "단리", "rsrv_type": "S", "rsrv_type_nm": "정액적립식", "save_trm": "24", "intr_rate": 2.95, "intr_rate2": 3.95}}, {"model": "savings.optionlist", "pk": 104, "fields": {"financial_product": 35, "fin_prdt_cd": "010200100051", "intr_rate_type": "S", "intr_rate_type_nm": "단리", "rsrv_type": "S", "rsrv_type_nm": "정액적립식", "save_trm": "36", "intr_rate": 3.05, "intr_rate2": 4.25}}, {"model": "savings.optionlist", "pk": 105, "fields": {"financial_product": 36, "fin_prdt_cd": "010200100084", "intr_rate_type": "S", "intr_rate_type_nm": "단리", "rsrv_type": "F", "rsrv_type_nm": "자유적립식", "save_trm": "36", "intr_rate": 3.05, "intr_rate2": 4.05}}, {"model": "savings.optionlist", "pk": 106, "fields": {"financial_product": 36, "fin_prdt_cd": "010200100084", "intr_rate_type": "S", "intr_rate_type_nm": "단리", "rsrv_type": "F", "rsrv_type_nm": "자유적립식", "save_trm": "24", "intr_rate": 2.75, "intr_rate2": 3.65}}, {"model": "savings.optionlist", "pk": 107, "fields": {"financial_product": 36, "fin_prdt_cd": "010200100084", "intr_rate_type": "S", "intr_rate_type_nm": "단리", "rsrv_type": "F", "rsrv_type_nm": "자유적립식", "save_trm": "12", "intr_rate": 2.55, "intr_rate2": 3.35}}, {"model": "savings.optionlist", "pk": 108, "fields": {"financial_product": 37, "fin_prdt_cd": "010200100092", "intr_rate_type": "S", "intr_rate_type_nm": "단리", "rsrv_type": "F", "rsrv_type_nm": "자유적립식", "save_trm": "12", "intr_rate": 3.0, "intr_rate2": 4.5}}, {"model": "savings.optionlist", "pk": 109, "fields": {"financial_product": 37, "fin_prdt_cd": "010200100092", "intr_rate_type": "S", "intr_rate_type_nm": "단리", "rsrv_type": "F", "rsrv_type_nm": "자유적립식", "save_trm": "24", "intr_rate": 3.3, "intr_rate2": 4.8}}, {"model": "savings.optionlist", "pk": 110, "fields": {"financial_product": 37, "fin_prdt_cd": "010200100092", "intr_rate_type": "S", "intr_rate_type_nm": "단리", "rsrv_type": "F", "rsrv_type_nm": "자유적립식", "save_trm": "36", "intr_rate": 3.5, "intr_rate2": 5.0}}, {"model": "savings.optionlist", "pk": 111, "fields": {"financial_product": 38, "fin_prdt_cd": "010200100104", "intr_rate_type": "S", "intr_rate_type_nm": "단리", "rsrv_type": "F", "rsrv_type_nm": "자유적립식", "save_trm": "1", "intr_rate": 2.0, "intr_rate2": 6.0}}, {"model": "savings.optionlist", "pk": 112, "fields": {"financial_product": 38, "fin_prdt_cd": "010200100104", "intr_rate_type": "S", "intr_rate_type_nm": "단리", "rsrv_type": "F", "rsrv_type_nm": "자유적립식", "save_trm": "3", "intr_rate": 2.0, "intr_rate2": 6.0}}, {"model": "savings.optionlist", "pk": 113, "fields": {"financial_product": 38, "fin_prdt_cd": "010200100104", "intr_rate_type": "S", "intr_rate_type_nm": "단리", "rsrv_type": "F", "rsrv_type_nm": "자유적립식", "save_trm": "6", "intr_rate": 2.0, "intr_rate2": 6.0}}, {"model": "savings.optionlist", "pk": 114, "fields": {"financial_product": 39, "fin_prdt_cd": "010200100109", "intr_rate_type": "S", "intr_rate_type_nm": "단리", "rsrv_type": "F", "rsrv_type_nm": "자유적립식", "save_trm": "12", "intr_rate": 2.5, "intr_rate2": 8.0}}, {"model": "savings.optionlist", "pk": 115, "fields": {"financial_product": 40, "fin_prdt_cd": "230-0118-14", "intr_rate_type": "S", "intr_rate_type_nm": "단리", "rsrv_type": "F", "rsrv_type_nm": "자유적립식", "save_trm": "12", "intr_rate": 2.5, "intr_rate2": 4.5}}, {"model": "savings.optionlist", "pk": 116, "fields": {"financial_product": 40, "fin_prdt_cd": "230-0118-14", "intr_rate_type": "S", "intr_rate_type_nm": "단리", "rsrv_type": "F", "rsrv_type_nm": "자유적립식", "save_trm": "6", "intr_rate": 2.5, "intr_rate2": 4.5}}, {"model": "savings.optionlist", "pk": 117, "fields": {"financial_product": 40, "fin_prdt_cd": "230-0118-14", "intr_rate_type": "S", "intr_rate_type_nm": "단리", "rsrv_type": "F", "rsrv_type_nm": "자유적립식", "save_trm": "3", "intr_rate": 2.5, "intr_rate2": 4.5}}, {"model": "savings.optionlist", "pk": 118, "fields": {"financial_product": 40, "fin_prdt_cd": "230-0118-14", "intr_rate_type": "S", "intr_rate_type_nm": "단리", "rsrv_type": "F", "rsrv_type_nm": "자유적립식", "save_trm": "1", "intr_rate": 2.5, "intr_rate2": 4.5}}, {"model": "savings.optionlist", "pk": 119, "fields": {"financial_product": 41, "fin_prdt_cd": "230-0119-85", "intr_rate_type": "S", "intr_rate_type_nm": "단리", "rsrv_type": "F", "rsrv_type_nm": "자유적립식", "save_trm": "12", "intr_rate": 3.0, "intr_rate2": 4.3}}, {"model": "savings.optionlist", "pk": 120, "fields": {"financial_product": 41, "fin_prdt_cd": "230-0119-85", "intr_rate_type": "S", "intr_rate_type_nm": "단리", "rsrv_type": "F", "rsrv_type_nm": "자유적립식", "save_trm": "24", "intr_rate": 3.1, "intr_rate2": 4.4}}, {"model": "savings.optionlist", "pk": 121, "fields": {"financial_product": 41, "fin_prdt_cd": "230-0119-85", "intr_rate_type": "S", "intr_rate_type_nm": "단리", "rsrv_type": "F", "rsrv_type_nm": "자유적립식", "save_trm": "36", "intr_rate": 3.2, "intr_rate2": 4.5}}, {"model": "savings.optionlist", "pk": 122, "fields": {"financial_product": 42, "fin_prdt_cd": "10-047-1360-0002", "intr_rate_type": "S", "intr_rate_type_nm": "단리", "rsrv_type": "F", "rsrv_type_nm": "자유적립식", "save_trm": "1", "intr_rate": 2.7, "intr_rate2": 4.4}}, {"model": "savings.optionlist", "pk": 123, "fields": {"financial_product": 42, "fin_prdt_cd": "10-047-1360-0002", "intr_rate_type": "S", "intr_rate_type_nm": "단리", "rsrv_type": "F", "rsrv_type_nm": "자유적립식", "save_trm": "3", "intr_rate": 2.8, "intr_rate2": 4.5}}, {"model": "savings.optionlist", "pk": 124, "fields": {"financial_product": 42, "fin_prdt_cd": "10-047-1360-0002", "intr_rate_type": "S", "intr_rate_type_nm": "단리", "rsrv_type": "F", "rsrv_type_nm": "자유적립식", "save_trm": "6", "intr_rate": 3.0, "intr_rate2": 4.7}}, {"model": "savings.optionlist", "pk": 125, "fields": {"financial_product": 43, "fin_prdt_cd": "10-047-1365-0001", "intr_rate_type": "M", "intr_rate_type_nm": "복리", "rsrv_type": "F", "rsrv_type_nm": "자유적립식", "save_trm": "6", "intr_rate": 3.0, "intr_rate2": 6.5}}, {"model": "savings.optionlist", "pk": 126, "fields": {"financial_product": 43, "fin_prdt_cd": "10-047-1365-0001", "intr_rate_type": "M", "intr_rate_type_nm": "복리", "rsrv_type": "F", "rsrv_type_nm": "자유적립식", "save_trm": "12", "intr_rate": 3.1, "intr_rate2": 6.6}}, {"model": "savings.optionlist", "pk": 127, "fields": {"financial_product": 43, "fin_prdt_cd": "10-047-1365-0001", "intr_rate_type": "M", "intr_rate_type_nm": "복리", "rsrv_type": "F", "rsrv_type_nm": "자유적립식", "save_trm": "24", "intr_rate": 3.15, "intr_rate2": 6.65}}, {"model": "savings.optionlist", "pk": 128, "fields": {"financial_product": 44, "fin_prdt_cd": "10-047-1381-0001", "intr_rate_type": "S", "intr_rate_type_nm": "단리", "rsrv_type": "F", "rsrv_type_nm": "자유적립식", "save_trm": "36", "intr_rate": 3.4, "intr_rate2": 4.4}}, {"model": "savings.optionlist", "pk": 129, "fields": {"financial_product": 44, "fin_prdt_cd": "10-047-1381-0001", "intr_rate_type": "S", "intr_rate_type_nm": "단리", "rsrv_type": "F", "rsrv_type_nm": "자유적립식", "save_trm": "24", "intr_rate": 3.15, "intr_rate2": 4.15}}, {"model": "savings.optionlist", "pk": 130, "fields": {"financial_product": 44, "fin_prdt_cd": "10-047-1381-0001", "intr_rate_type": "S", "intr_rate_type_nm": "단리", "rsrv_type": "F", "rsrv_type_nm": "자유적립식", "save_trm": "12", "intr_rate": 3.1, "intr_rate2": 4.1}}, {"model": "savings.optionlist", "pk": 131, "fields": {"financial_product": 45, "fin_prdt_cd": "10-047-1387-0001", "intr_rate_type": "S", "intr_rate_type_nm": "단리", "rsrv_type": "F", "rsrv_type_nm": "자유적립식", "save_trm": "12", "intr_rate": 3.4, "intr_rate2": 4.4}}, {"model": "savings.optionlist", "pk": 132, "fields": {"financial_product": 45, "fin_prdt_cd": "10-047-1387-0001", "intr_rate_type": "S", "intr_rate_type_nm": "단리", "rsrv_type": "F", "rsrv_type_nm": "자유적립식", "save_trm": "24", "intr_rate": 3.45, "intr_rate2": 4.45}}, {"model": "savings.optionlist", "pk": 133, "fields": {"financial_product": 45, "fin_prdt_cd": "10-047-1387-0001", "intr_rate_type": "S", "intr_rate_type_nm": "단리", "rsrv_type": "F", "rsrv_type_nm": "자유적립식", "save_trm": "36", "intr_rate": 3.7, "intr_rate2": 4.7}}, {"model": "savings.optionlist", "pk": 134, "fields": {"financial_product": 46, "fin_prdt_cd": "10-059-1264-0001", "intr_rate_type": "M", "intr_rate_type_nm": "복리", "rsrv_type": "F", "rsrv_type_nm": "자유적립식", "save_trm": "12", "intr_rate": 3.38, "intr_rate2": 4.18}}, {"model": "savings.optionlist", "pk": 135, "fields": {"financial_product": 46, "fin_prdt_cd": "10-059-1264-0001", "intr_rate_type": "M", "intr_rate_type_nm": "복리", "rsrv_type": "F", "rsrv_type_nm": "자유적립식", "save_trm": "24", "intr_rate": 3.25, "intr_rate2": 4.05}}, {"model": "savings.optionlist", "pk": 136, "fields": {"financial_product": 46, "fin_prdt_cd": "10-059-1264-0001", "intr_rate_type": "M", "intr_rate_type_nm": "복리", "rsrv_type": "F", "rsrv_type_nm": "자유적립식", "save_trm": "36", "intr_rate": 3.42, "intr_rate2": 4.22}}, {"model": "savings.optionlist", "pk": 137, "fields": {"financial_product": 47, "fin_prdt_cd": "52", "intr_rate_type": "M", "intr_rate_type_nm": "복리", "rsrv_type": "F", "rsrv_type_nm": "자유적립식", "save_trm": "12", "intr_rate": 3.55, "intr_rate2": 4.55}}, {"model": "savings.optionlist", "pk": 138, "fields": {"financial_product": 47, "fin_prdt_cd": "52", "intr_rate_type": "M", "intr_rate_type_nm": "복리", "rsrv_type": "F", "rsrv_type_nm": "자유적립식", "save_trm": "24", "intr_rate": 3.65, "intr_rate2": 4.65}}, {"model": "savings.optionlist", "pk": 139, "fields": {"financial_product": 47, "fin_prdt_cd": "52", "intr_rate_type": "M", "intr_rate_type_nm": "복리", "rsrv_type": "F", "rsrv_type_nm": "자유적립식", "save_trm": "36", "intr_rate": 3.75, "intr_rate2": 4.75}}, {"model": "savings.optionlist", "pk": 140, "fields": {"financial_product": 48, "fin_prdt_cd": "53", "intr_rate_type": "S", "intr_rate_type_nm": "단리", "rsrv_type": "F", "rsrv_type_nm": "자유적립식", "save_trm": "36", "intr_rate": 3.45, "intr_rate2": 3.95}}, {"model": "savings.optionlist", "pk": 141, "fields": {"financial_product": 48, "fin_prdt_cd": "53", "intr_rate_type": "S", "intr_rate_type_nm": "단리", "rsrv_type": "F", "rsrv_type_nm": "자유적립식", "save_trm": "24", "intr_rate": 3.35, "intr_rate2": 3.85}}, {"model": "savings.optionlist", "pk": 142, "fields": {"financial_product": 48, "fin_prdt_cd": "53", "intr_rate_type": "S", "intr_rate_type_nm": "단리", "rsrv_type": "F", "rsrv_type_nm": "자유적립식", "save_trm": "12", "intr_rate": 3.25, "intr_rate2": 3.75}}, {"model": "savings.optionlist", "pk": 143, "fields": {"financial_product": 48, "fin_prdt_cd": "53", "intr_rate_type": "S", "intr_rate_type_nm": "단리", "rsrv_type": "F", "rsrv_type_nm": "자유적립식", "save_trm": "6", "intr_rate": 3.15, "intr_rate2": 3.65}}, {"model": "savings.optionlist", "pk": 144, "fields": {"financial_product": 48, "fin_prdt_cd": "53", "intr_rate_type": "S", "intr_rate_type_nm": "단리", "rsrv_type": "S", "rsrv_type_nm": "정액적립식", "save_trm": "36", "intr_rate": 3.55, "intr_rate2": 4.05}}, {"model": "savings.optionlist", "pk": 145, "fields": {"financial_product": 48, "fin_prdt_cd": "53", "intr_rate_type": "S", "intr_rate_type_nm": "단리", "rsrv_type": "S", "rsrv_type_nm": "정액적립식", "save_trm": "24", "intr_rate": 3.45, "intr_rate2": 3.95}}, {"model": "savings.optionlist", "pk": 146, "fields": {"financial_product": 48, "fin_prdt_cd": "53", "intr_rate_type": "S", "intr_rate_type_nm": "단리", "rsrv_type": "S", "rsrv_type_nm": "정액적립식", "save_trm": "12", "intr_rate": 3.3, "intr_rate2": 3.8}}, {"model": "savings.optionlist", "pk": 147, "fields": {"financial_product": 48, "fin_prdt_cd": "53", "intr_rate_type": "S", "intr_rate_type_nm": "단리", "rsrv_type": "S", "rsrv_type_nm": "정액적립식", "save_trm": "6", "intr_rate": 3.2, "intr_rate2": 3.7}}, {"model": "savings.optionlist", "pk": 148, "fields": {"financial_product": 49, "fin_prdt_cd": "01012000200000000003", "intr_rate_type": "S", "intr_rate_type_nm": "단리", "rsrv_type": "F", "rsrv_type_nm": "자유적립식", "save_trm": "1", "intr_rate": 3.3, "intr_rate2": 3.3}}, {"model": "savings.optionlist", "pk": 149, "fields": {"financial_product": 49, "fin_prdt_cd": "01012000200000000003", "intr_rate_type": "S", "intr_rate_type_nm": "단리", "rsrv_type": "F", "rsrv_type_nm": "자유적립식", "save_trm": "3", "intr_rate": 3.5, "intr_rate2": 3.5}}, {"model": "savings.optionlist", "pk": 150, "fields": {"financial_product": 49, "fin_prdt_cd": "01012000200000000003", "intr_rate_type": "S", "intr_rate_type_nm": "단리", "rsrv_type": "F", "rsrv_type_nm": "자유적립식", "save_trm": "6", "intr_rate": 3.6, "intr_rate2": 3.6}}, {"model": "savings.optionlist", "pk": 151, "fields": {"financial_product": 49, "fin_prdt_cd": "01012000200000000003", "intr_rate_type": "S", "intr_rate_type_nm": "단리", "rsrv_type": "F", "rsrv_type_nm": "자유적립식", "save_trm": "12", "intr_rate": 4.2, "intr_rate2": 4.2}}, {"model": "savings.optionlist", "pk": 152, "fields": {"financial_product": 49, "fin_prdt_cd": "01012000200000000003", "intr_rate_type": "S", "intr_rate_type_nm": "단리", "rsrv_type": "F", "rsrv_type_nm": "자유적립식", "save_trm": "24", "intr_rate": 4.25, "intr_rate2": 4.25}}, {"model": "savings.optionlist", "pk": 153, "fields": {"financial_product": 49, "fin_prdt_cd": "01012000200000000003", "intr_rate_type": "S", "intr_rate_type_nm": "단리", "rsrv_type": "F", "rsrv_type_nm": "자유적립식", "save_trm": "36", "intr_rate": 4.3, "intr_rate2": 4.3}}, {"model": "savings.optionlist", "pk": 154, "fields": {"financial_product": 50, "fin_prdt_cd": "01012000210000000000", "intr_rate_type": "S", "intr_rate_type_nm": "단리", "rsrv_type": "F", "rsrv_type_nm": "자유적립식", "save_trm": "36", "intr_rate": 4.2, "intr_rate2": 4.8}}, {"model": "savings.optionlist", "pk": 155, "fields": {"financial_product": 50, "fin_prdt_cd": "01012000210000000000", "intr_rate_type": "S", "intr_rate_type_nm": "단리", "rsrv_type": "F", "rsrv_type_nm": "자유적립식", "save_trm": "24", "intr_rate": 4.15, "intr_rate2": 4.75}}, {"model": "savings.optionlist", "pk": 156, "fields": {"financial_product": 50, "fin_prdt_cd": "01012000210000000000", "intr_rate_type": "S", "intr_rate_type_nm": "단리", "rsrv_type": "F", "rsrv_type_nm": "자유적립식", "save_trm": "12", "intr_rate": 4.1, "intr_rate2": 4.7}}, {"model": "savings.optionlist", "pk": 157, "fields": {"financial_product": 50, "fin_prdt_cd": "01012000210000000000", "intr_rate_type": "S", "intr_rate_type_nm": "단리", "rsrv_type": "F", "rsrv_type_nm": "자유적립식", "save_trm": "6", "intr_rate": 3.5, "intr_rate2": 4.1}}, {"model": "savings.optionlist", "pk": 158, "fields": {"financial_product": 51, "fin_prdt_cd": "10140110400011", "intr_rate_type": "S", "intr_rate_type_nm": "단리", "rsrv_type": "S", "rsrv_type_nm": "정액적립식", "save_trm": "12", "intr_rate": 2.6, "intr_rate2": 3.8}}, {"model": "savings.optionlist", "pk": 159, "fields": {"financial_product": 51, "fin_prdt_cd": "10140110400011", "intr_rate_type": "S", "intr_rate_type_nm": "단리", "rsrv_type": "S", "rsrv_type_nm": "정액적립식", "save_trm": "24", "intr_rate": 2.7, "intr_rate2": 3.9}}, {"model": "savings.optionlist", "pk": 160, "fields": {"financial_product": 51, "fin_prdt_cd": "10140110400011", "intr_rate_type": "S", "intr_rate_type_nm": "단리", "rsrv_type": "S", "rsrv_type_nm": "정액적립식", "save_trm": "36", "intr_rate": 2.8, "intr_rate2": 4.0}}, {"model": "savings.optionlist", "pk": 161, "fields": {"financial_product": 52, "fin_prdt_cd": "10140114300011", "intr_rate_type": "S", "intr_rate_type_nm": "단리", "rsrv_type": "S", "rsrv_type_nm": "정액적립식", "save_trm": "12", "intr_rate": 3.5, "intr_rate2": 4.0}}, {"model": "savings.optionlist", "pk": 162, "fields": {"financial_product": 52, "fin_prdt_cd": "10140114300011", "intr_rate_type": "S", "intr_rate_type_nm": "단리", "rsrv_type": "S", "rsrv_type_nm": "정액적립식", "save_trm": "24", "intr_rate": 3.0, "intr_rate2": 3.5}}, {"model": "savings.optionlist", "pk": 163, "fields": {"financial_product": 52, "fin_prdt_cd": "10140114300011", "intr_rate_type": "S", "intr_rate_type_nm": "단리", "rsrv_type": "S", "rsrv_type_nm": "정액적립식", "save_trm": "36", "intr_rate": 3.3, "intr_rate2": 3.8}}, {"model": "savings.optionlist", "pk": 164, "fields": {"financial_product": 53, "fin_prdt_cd": "10140114700031", "intr_rate_type": "S", "intr_rate_type_nm": "단리", "rsrv_type": "S", "rsrv_type_nm": "정액적립식", "save_trm": "12", "intr_rate": 3.6, "intr_rate2": 4.5}}, {"model": "savings.optionlist", "pk": 165, "fields": {"financial_product": 53, "fin_prdt_cd": "10140114700031", "intr_rate_type": "S", "intr_rate_type_nm": "단리", "rsrv_type": "S", "rsrv_type_nm": "정액적립식", "save_trm": "6", "intr_rate": 3.6, "intr_rate2": 4.5}}, {"model": "savings.optionlist", "pk": 166, "fields": {"financial_product": 54, "fin_prdt_cd": "10141109800021", "intr_rate_type": "M", "intr_rate_type_nm": "복리", "rsrv_type": "F", "rsrv_type_nm": "자유적립식", "save_trm": "12", "intr_rate": 2.2, "intr_rate2": 2.9}}, {"model": "savings.optionlist", "pk": 167, "fields": {"financial_product": 54, "fin_prdt_cd": "10141109800021", "intr_rate_type": "M", "intr_rate_type_nm": "복리", "rsrv_type": "F", "rsrv_type_nm": "자유적립식", "save_trm": "24", "intr_rate": 1.8, "intr_rate2": 2.5}}, {"model": "savings.optionlist", "pk": 168, "fields": {"financial_product": 54, "fin_prdt_cd": "10141109800021", "intr_rate_type": "M", "intr_rate_type_nm": "복리", "rsrv_type": "F", "rsrv_type_nm": "자유적립식", "save_trm": "36", "intr_rate": 1.9, "intr_rate2": 2.6}}, {"model": "savings.optionlist", "pk": 169, "fields": {"financial_product": 55, "fin_prdt_cd": "10141114300011", "intr_rate_type": "S", "intr_rate_type_nm": "단리", "rsrv_type": "F", "rsrv_type_nm": "자유적립식", "save_trm": "12", "intr_rate": 3.15, "intr_rate2": 3.65}}, {"model": "savings.optionlist", "pk": 170, "fields": {"financial_product": 55, "fin_prdt_cd": "10141114300011", "intr_rate_type": "S", "intr_rate_type_nm": "단리", "rsrv_type": "F", "rsrv_type_nm": "자유적립식", "save_trm": "24", "intr_rate": 2.35, "intr_rate2": 2.85}}, {"model": "savings.optionlist", "pk": 171, "fields": {"financial_product": 55, "fin_prdt_cd": "10141114300011", "intr_rate_type": "S", "intr_rate_type_nm": "단리", "rsrv_type": "F", "rsrv_type_nm": "자유적립식", "save_trm": "36", "intr_rate": 2.35, "intr_rate2": 2.85}}, {"model": "savings.optionlist", "pk": 172, "fields": {"financial_product": 56, "fin_prdt_cd": "10141114700031", "intr_rate_type": "S", "intr_rate_type_nm": "단리", "rsrv_type": "F", "rsrv_type_nm": "자유적립식", "save_trm": "6", "intr_rate": 3.6, "intr_rate2": 4.5}}, {"model": "savings.optionlist", "pk": 173, "fields": {"financial_product": 56, "fin_prdt_cd": "10141114700031", "intr_rate_type": "S", "intr_rate_type_nm": "단리", "rsrv_type": "F", "rsrv_type_nm": "자유적립식", "save_trm": "12", "intr_rate": 3.6, "intr_rate2": 4.5}}, {"model": "savings.optionlist", "pk": 174, "fields": {"financial_product": 57, "fin_prdt_cd": "10-01-30-355-0002", "intr_rate_type": "S", "intr_rate_type_nm": "단리", "rsrv_type": "F", "rsrv_type_nm": "자유적립식", "save_trm": "36", "intr_rate": 3.5, "intr_rate2": 3.7}}, {"model": "savings.optionlist", "pk": 175, "fields": {"financial_product": 57, "fin_prdt_cd": "10-01-30-355-0002", "intr_rate_type": "S", "intr_rate_type_nm": "단리", "rsrv_type": "F", "rsrv_type_nm": "자유적립식", "save_trm": "24", "intr_rate": 3.5, "intr_rate2": 3.7}}, {"model": "savings.optionlist", "pk": 176, "fields": {"financial_product": 57, "fin_prdt_cd": "10-01-30-355-0002", "intr_rate_type": "S", "intr_rate_type_nm": "단리", "rsrv_type": "F", "rsrv_type_nm": "자유적립식", "save_trm": "12", "intr_rate": 3.5, "intr_rate2": 3.7}}, {"model": "savings.optionlist", "pk": 177, "fields": {"financial_product": 57, "fin_prdt_cd": "10-01-30-355-0002", "intr_rate_type": "S", "intr_rate_type_nm": "단리", "rsrv_type": "F", "rsrv_type_nm": "자유적립식", "save_trm": "6", "intr_rate": 3.3, "intr_rate2": 3.5}}, {"model": "savings.optionlist", "pk": 178, "fields": {"financial_product": 58, "fin_prdt_cd": "10-01-30-355-0005", "intr_rate_type": "S", "intr_rate_type_nm": "단리", "rsrv_type": "F", "rsrv_type_nm": "자유적립식", "save_trm": "6", "intr_rate": 2.5, "intr_rate2": 5.5}}, {"model": "savings.optionlist", "pk": 179, "fields": {"financial_product": 59, "fin_prdt_cd": "10-01-30-355-0006", "intr_rate_type": "S", "intr_rate_type_nm": "단리", "rsrv_type": "F", "rsrv_type_nm": "자유적립식", "save_trm": "1", "intr_rate": 1.5, "intr_rate2": 7.0}}, {"model": "savings.optionlist", "pk": 180, "fields": {"financial_product": 60, "fin_prdt_cd": "1001303001001", "intr_rate_type": "S", "intr_rate_type_nm": "단리", "rsrv_type": "F", "rsrv_type_nm": "자유적립식", "save_trm": "6", "intr_rate": 2.0, "intr_rate2": 4.0}}, {"model": "savings.optionlist", "pk": 181, "fields": {"financial_product": 61, "fin_prdt_cd": "1001303001003", "intr_rate_type": "S", "intr_rate_type_nm": "단리", "rsrv_type": "F", "rsrv_type_nm": "자유적립식", "save_trm": "6", "intr_rate": 2.0, "intr_rate2": 4.5}}, {"model": "savings.optionlist", "pk": 182, "fields": {"financial_product": 62, "fin_prdt_cd": "1001303001004", "intr_rate_type": "S", "intr_rate_type_nm": "단리", "rsrv_type": "F", "rsrv_type_nm": "자유적립식", "save_trm": "3", "intr_rate": 1.5, "intr_rate2": 2.0}}, {"model": "savings.optionlist", "pk": 183, "fields": {"financial_product": 62, "fin_prdt_cd": "1001303001004", "intr_rate_type": "S", "intr_rate_type_nm": "단리", "rsrv_type": "F", "rsrv_type_nm": "자유적립식", "save_trm": "6", "intr_rate": 2.0, "intr_rate2": 2.5}}, {"model": "savings.optionlist", "pk": 184, "fields": {"financial_product": 62, "fin_prdt_cd": "1001303001004", "intr_rate_type": "S", "intr_rate_type_nm": "단리", "rsrv_type": "F", "rsrv_type_nm": "자유적립식", "save_trm": "12", "intr_rate": 3.0, "intr_rate2": 3.5}}, {"model": "savings.optionlist", "pk": 185, "fields": {"financial_product": 62, "fin_prdt_cd": "1001303001004", "intr_rate_type": "S", "intr_rate_type_nm": "단리", "rsrv_type": "F", "rsrv_type_nm": "자유적립식", "save_trm": "24", "intr_rate": 3.0, "intr_rate2": 3.5}}, {"model": "savings.optionlist", "pk": 186, "fields": {"financial_product": 62, "fin_prdt_cd": "1001303001004", "intr_rate_type": "S", "intr_rate_type_nm": "단리", "rsrv_type": "F", "rsrv_type_nm": "자유적립식", "save_trm": "36", "intr_rate": 3.0, "intr_rate2": 3.5}}, {"model": "savings.optionlist", "pk": 187, "fields": {"financial_product": 63, "fin_prdt_cd": "1001303001005", "intr_rate_type": "S", "intr_rate_type_nm": "단리", "rsrv_type": "F", "rsrv_type_nm": "자유적립식", "save_trm": "12", "intr_rate": 3.0, "intr_rate2": 5.5}}, {"model": "savings.depositproduct", "pk": "00320342", "fields": {"dcls_month": "202404", "fin_co_no": "0010002", "kor_co_nm": "한국스탠다드차타드은행", "fin_prdt_nm": "e-그린세이브예금", "join_way": "인터넷,스마트폰", "mtrt_int": "만기 후 1개월: 약정이율의 50%\n만기 후 1개월 초과 1년 이내: 약정이율의 30%\n만기 후 1년 초과: 약정이율의 10%", "spcl_cnd": "1.SC제일은행 최초 거래 신규고객에 대하여 우대 이율을 제공함 (보너스이율0.2%)                     2.SC제일마이백통장에서 출금하여 이 예금을 신규하는경우에 보너스이율을 제공함\n(가입기간:1년제/ 보너스이율:0.1% / 만기해약하는 경우에 한해 보너스이율을 적용함)", "join_deny": "1", "join_member": "개인(개인사업자 포함)", "etc_note": "디지털채널 전용상품 (인터넷, 모바일뱅킹)", "max_limit": 1000000000, "dcls_strt_day": "20240502", "dcls_end_day": "99991231", "fin_co_subm_day": "202405021135"}}, {"model": "savings.depositproduct", "pk": "01013000110000000001", "fields": {"dcls_month": "202404", "fin_co_no": "0014674", "kor_co_nm": "주식회사 케이뱅크", "fin_prdt_nm": "코드K 정기예금", "join_way": "스마트폰", "mtrt_int": "만기 후 \n- 1개월 이내 : 만기시점 기본금리 X 50%\n- 1개월 초과~6개월 이내 : 만기시점 기본금리 X 30%\n- 6개월 초과 : 연 0.20%", "spcl_cnd": "우대조건 없음", "join_deny": "1", "join_member": "만 17세 이상 실명의 개인 및 개인사업자", "etc_note": "가입금액 : 1백만원 이상\n가입기간 : 1개월~36개월", "max_limit": 1000000000, "dcls_strt_day": "20240516", "dcls_end_day": null, "fin_co_subm_day": "202405161421"}}, {"model": "savings.depositproduct", "pk": "010300100335", "fields": {"dcls_month": "202404", "fin_co_no": "0010927", "kor_co_nm": "국민은행", "fin_prdt_nm": "KB Star 정기예금", "join_way": "인터넷,스마트폰", "mtrt_int": "- 1개월 이내 : 기본이율 X 50%\n- 1개월 초과  ~ 3개월 이내 : 기본이율 X 30%\n- 3개월 초과 : 0.1%", "spcl_cnd": "해당무", "join_deny": "1", "join_member": "실명의 개인 또는 개인사업자", "etc_note": "- 가입금액 : 1백만원 이상", "max_limit": null, "dcls_strt_day": "20240429", "dcls_end_day": null, "fin_co_subm_day": "202404290919"}}, {"model": "savings.depositproduct", "pk": "01030500510002", "fields": {"dcls_month": "202404", "fin_co_no": "0010017", "kor_co_nm": "부산은행", "fin_prdt_nm": "LIVE정기예금", "join_way": "영업점,인터넷", "mtrt_int": "- 만기후1년내: 가입기간별 일반정기예금이율 x 50%,\n- 만기후1년초과:가입기간별 일반정기예금이율 x 20%", "spcl_cnd": "*우대이율\n가. 3~5개월 특판우대이율 : 0.95%\n나. 6~11개월 특판 우대이율: 0.85%\n다. 12개월 특판 우대이율 : 0.65%", "join_deny": "1", "join_member": "제한없음", "etc_note": "1. 가입금액 :\n   1천만원 이상\n2. 가입기간 : \n1개월 이상 60개월 이하(일단위)\n3. 월이자지급식/만기일시지급식", "max_limit": null, "dcls_strt_day": "20240422", "dcls_end_day": null, "fin_co_subm_day": "202404221015"}}, {"model": "savings.depositproduct", "pk": "01030500560002", "fields": {"dcls_month": "202404", "fin_co_no": "0010017", "kor_co_nm": "부산은행", "fin_prdt_nm": "더(The) 특판 정기예금", "join_way": "인터넷,스마트폰", "mtrt_int": "- 만기후1년내: 가입기간별 일반정기예금이율 x 50%,\n- 만기후1년초과:가입기간별 일반정기예금이율 x 20%", "spcl_cnd": "* 우대이율 (최대 0.75%p)\n가. 모바일뱅킹 금융정보 및 혜택알림 동의 우대이율 : 0.10%p\n나. 이벤트 우대이율 : 최대 0.65%p \n1) 더(The) 특판 정기예금 신규고객 우대이율 : 0.20%p\n2) 특판 우대이율 : 0.45%p", "join_deny": "1", "join_member": "실명의 개인", "etc_note": "1. 가입금액 : 1백만원 이상 제한없음 (원단위)\n2. 가입기간 : 1개월, 3개월, 6개월, 1년, 2년, 3년\n3. 이자지급방식 : 만기일시지급식", "max_limit": null, "dcls_strt_day": "20240422", "dcls_end_day": null, "fin_co_subm_day": "202404230953"}}, {"model": "savings.depositproduct", "pk": "01211310121", "fields": {"dcls_month": "202404", "fin_co_no": "0010026", "kor_co_nm": "중소기업은행", "fin_prdt_nm": "IBK평생한가족통장(실세금리정기예금)", "join_way": "영업점,인터넷,스마트폰", "mtrt_int": "만기일 당시 정기예금 만기후 이자율 적용 -1개월 이내: 만기일 당시 계약기간별 고시금리×50% -1월 초과 6개월 이내: 만기일 당시 계약기간별 고시금리×30% -6개월 초과: 만기일 당시 계약기간별 고시금리×20%", "spcl_cnd": "최고 연 0.20%p\n\n-고객별 우대 : 최고 연 0.05%p\n 1. 최초신규고객 : 연 0.05%p\n 2. 재예치고객 : 연 0.05%p\n 3. 장기거래고객 : 연 0.05%p\n\n-주거래우대 : 연 0.15%p", "join_deny": "1", "join_member": "실명의 개인\n(개인사업자 제외)", "etc_note": "계좌 수 제한 없으며, 최소 1백만원 이상 통합한도 1억원 이내 가입 가능", "max_limit": 100000000, "dcls_strt_day": "20240422", "dcls_end_day": null, "fin_co_subm_day": "202404221035"}}, {"model": "savings.depositproduct", "pk": "01211310130", "fields": {"dcls_month": "202404", "fin_co_no": "0010026", "kor_co_nm": "중소기업은행", "fin_prdt_nm": "1석7조통장(정기예금)", "join_way": "인터넷,스마트폰", "mtrt_int": "만기일 당시 정기예금 만기후 이자율 적용 -1개월 이내: 만기일 당시 계약기간별 고시금리×50% -1월 초과 6개월 이내: 만기일 당시 계약기간별 고시금리×30% -6개월 초과: 만기일 당시 계약기간별 고시금리×20%", "spcl_cnd": "없음", "join_deny": "1", "join_member": "실명의 개인\n(개인사업자 제외)", "etc_note": "계좌 수 제한 없으며, 최소 1백만원 이상 납입한도 제한 없음", "max_limit": null, "dcls_strt_day": "20240513", "dcls_end_day": null, "fin_co_subm_day": "202405130908"}}, {"model": "savings.depositproduct", "pk": "06492", "fields": {"dcls_month": "202404", "fin_co_no": "0010030", "kor_co_nm": "한국산업은행", "fin_prdt_nm": "KDB 정기예금", "join_way": "영업점,인터넷,스마트폰", "mtrt_int": "* 만기후 1년 이내 : 만기일 현재 고시된 일반 정기예금 해당기간 기본이율의 1/2\n* 만기후 1년 초과 : 만기일 현재 고시된 보통예금 이자율", "spcl_cnd": "해당없음", "join_deny": "1", "join_member": "제한없음", "etc_note": "해당없음", "max_limit": null, "dcls_strt_day": "20240430", "dcls_end_day": null, "fin_co_subm_day": "202404301003"}}, {"model": "savings.depositproduct", "pk": "10-003-1225-0001", "fields": {"dcls_month": "202404", "fin_co_no": "0013175", "kor_co_nm": "농협은행주식회사", "fin_prdt_nm": "NH왈츠회전예금 II", "join_way": "영업점,인터넷,스마트폰", "mtrt_int": "만기 후 3개월 : 기본금리의 50%\n만기 후 6개월 : 기본금리의 20%\n만기 후 6개월 초과 : 기본금리의 10%\n\n* 기본금리 : 만기시점의 일반정기예금 계약기간별 금리", "spcl_cnd": "1. 급여이체실적(50만원 이상)이 있는 경우 : 0.1%p\n2. 트리플 회전 우대이율 :  4회전기간부터 0.1%p", "join_deny": "1", "join_member": "개인", "etc_note": "※ 기본금리 및 최고 우대금리 항목은 가입기간이 아닌 ‘회전주기’기간별 금리를 공시\n - 회전주기는 1개월 이상 12개월 이내 월단위로 선택 가능\n※ 전월취급평균금리는 본 홈페이지에 공시되지 않는 회전기간 6개월 미만의 계좌들도 포함하여 산출하기 때문에 회전기간별로 공시된 기본금리보다 낮게 보여질 수 있음", "max_limit": null, "dcls_strt_day": "20240517", "dcls_end_day": null, "fin_co_subm_day": "202405170921"}}, {"model": "savings.depositproduct", "pk": "10-003-1381-0001", "fields": {"dcls_month": "202404", "fin_co_no": "0013175", "kor_co_nm": "농협은행주식회사", "fin_prdt_nm": "NH내가Green초록세상예금", "join_way": "영업점,인터넷,스마트폰", "mtrt_int": "만기 후 3개월 : 기본금리의 50%\n만기 후 6개월 : 기본금리의 20%\n만기 후  6개월 초과 : 기본금리의 10%\n\n* 기본금리 : 만기시점의 일반정기예금 계약기간별 금리", "spcl_cnd": "※ 우대금리 최대한도 : 0.4%p(연%, 세전)\n1. 온실가스 줄이기 실천서약서 동의 : 0.1%p\n2. 통장미발급 : 0.1%p\n3. 손하나로인증 서비스 등록 : 0.1%p\n4. NH내가Green초록세상적금 동시 보유 : 0.1%p", "join_deny": "1", "join_member": "개인", "etc_note": "1. 300만원이상 가입\n2. 온실가스 줄이기 실천서약서 동의시 가입가능\n3. 신규가입 계좌당 2천원씩 녹색환경기금 적립\n※ 자세한 사항은 상품설명서 참조", "max_limit": null, "dcls_strt_day": "20240517", "dcls_end_day": null, "fin_co_subm_day": "202405170921"}}, {"model": "savings.depositproduct", "pk": "10-003-1384-0001", "fields": {"dcls_month": "202404", "fin_co_no": "0013175", "kor_co_nm": "농협은행주식회사", "fin_prdt_nm": "NH올원e예금", "join_way": "인터넷,스마트폰", "mtrt_int": "만기 후 3개월 : 기본금리의 50%\n만기 후 6개월 : 기본금리의 20%\n만기 후  6개월 초과 : 기본금리의 10%\n\n* 기본금리 : 만기시점의 큰만족실세예금 계약기간별 금리", "spcl_cnd": "없음", "join_deny": "1", "join_member": "개인", "etc_note": "1. 10만원 이상 10억원 이내 가입", "max_limit": 1000000000, "dcls_strt_day": "20240517", "dcls_end_day": null, "fin_co_subm_day": "202405170921"}}, {"model": "savings.depositproduct", "pk": "10-003-1387-0001", "fields": {"dcls_month": "202404", "fin_co_no": "0013175", "kor_co_nm": "농협은행주식회사", "fin_prdt_nm": "NH고향사랑기부예금", "join_way": "영업점,인터넷,스마트폰", "mtrt_int": "만기 후 3개월 : 기본금리의 50%\n만기 후 6개월 : 기본금리의 20%\n만기 후  6개월 초과 : 기본금리의 10%\n\n* 기본금리 : 만기시점의 큰만족실세예금 계약기간별 금리", "spcl_cnd": "1. 고향사랑기부금 납부고객 우대 : 0.5%p\n\n2-1. 만65세 이상 고령자 우대 : 0.1%p\n2-2. 만 19~34세 MZ고객 우대 : 0.1%p\n\n3. NH채움카드 또는 [zgm고향으로카드] 이용실적 우대 : 0.1%p\n \n4. 고향사랑 특별금리 : 0.1%p (금리시장상황에 따라 변동 가능)\n - 고향사랑 특별금리는 상품 가입고객 모두에게 적용", "join_deny": "1", "join_member": "개인", "etc_note": "1. 100만원 이상 가입\n2. 고향사랑기부금 우대금리는 농협은행/농축협 영업점 또는 고향사랑e음 홈페이지를 통한 고향사랑기부금 납부실적이 확인되는 경우 제공\n3. 연간 판매액의 0.1% 공익기금 적립\n\n※ 우대조건 관련 자세한 사항은 상품설명서 참조", "max_limit": null, "dcls_strt_day": "20240517", "dcls_end_day": null, "fin_co_subm_day": "202405170921"}}, {"model": "savings.depositproduct", "pk": "10-01-20-024-0046-0000", "fields": {"dcls_month": "202404", "fin_co_no": "0010022", "kor_co_nm": "전북은행", "fin_prdt_nm": "JB 다이렉트예금통장\n(만기일시지급식)", "join_way": "인터넷,스마트폰", "mtrt_int": "만기후 1개월 이하 : 만기일 현재 계약기간별 정기예금 실행이율 1/2\n만기후 1개월 초과 : 연 0.01%", "spcl_cnd": "우대조건\n없음", "join_deny": "1", "join_member": "실명의 개인(임의단체 제외", "etc_note": "가입금액 1계좌당 1백만원이상 10억원이하,\n1인당  총 10억원 이하,\n인터넷/스마트폰뱅킹 가입상품", "max_limit": 1000000000, "dcls_strt_day": "20240422", "dcls_end_day": null, "fin_co_subm_day": "202404221127"}}, {"model": "savings.depositproduct", "pk": "10-01-20-024-0059-0000", "fields": {"dcls_month": "202404", "fin_co_no": "0010022", "kor_co_nm": "전북은행", "fin_prdt_nm": "JB 123 정기예금\n (만기일시지급식)", "join_way": "인터넷,스마트폰", "mtrt_int": "만기후 1개월 이하 : 만기일 현재 계약기간별 정기예금 실행이율 1/2\n만기후 1개월 초과 : 연 0.01%", "spcl_cnd": "자동재예치 우대이율\n1회차 0.1%,\n2회차 0.2%,\n3회차 0.3%", "join_deny": "1", "join_member": "실명의 개인 또는 개인사업자 (1인 다계좌 가입 가능함)", "etc_note": "예금의 신규 : 인터넷뱅킹, 모바일뱅킹, 모바일웹, BDT\n예금의 해지 : 인터넷뱅킹, 모바일뱅킹, 영업점\n가입금액 최저 1백만원이상 고객별 5억원 이사 (다만 자동재예치시 이자 원가로 인한 5억원 초과는 가능), 계좌수 관계없이 가입가능", "max_limit": 500000000, "dcls_strt_day": "20240422", "dcls_end_day": null, "fin_co_subm_day": "202404221127"}}, {"model": "savings.depositproduct", "pk": "10-01-20-388-0002", "fields": {"dcls_month": "202404", "fin_co_no": "0015130", "kor_co_nm": "주식회사 카카오뱅크", "fin_prdt_nm": "카카오뱅크 정기예금", "join_way": "스마트폰", "mtrt_int": "- 만기 후 1개월 이내 : 가입(또는 자동연장)시점 기본금리x50%\n- 만기 후 1개월초과 3개월 이내 : 가입(또는 자동연장)시점 기본금리x30%\n- 만기 후 3개월 초과 : 0.20%", "spcl_cnd": "※복잡한 우대조건 없이 가입가능한 정기예금", "join_deny": "1", "join_member": "만 17세 이상의 실명의 개인", "etc_note": "1. 가입방법 : 스마트폰\n2. 가입금액 : 100만원 이상(원단위)\n3. 가입기간 : 1개월 이상 ~ 36개월 이하(월, 일단위 지정 가능)", "max_limit": null, "dcls_strt_day": "20240503", "dcls_end_day": null, "fin_co_subm_day": "202405030951"}}, {"model": "savings.depositproduct", "pk": "1001202000002", "fields": {"dcls_month": "202404", "fin_co_no": "0017801", "kor_co_nm": "토스뱅크 주식회사", "fin_prdt_nm": "토스뱅크 먼저 이자 받는 정기예금", "join_way": "스마트폰", "mtrt_int": "· 만기 후 1개월 이내 : 만기시점 기본금리 X 50% \n· 만기 후 1개월 초과 3개월 이내 : 만기시점 기본금리 X 20% \n· 만기 후 3개월 초과 : 연 0.10%", "spcl_cnd": "우대조건 없음", "join_deny": "1", "join_member": "토스뱅크 통장 또는 토스뱅크 서브 통장을 보유한 만 17세 이상 실명의 개인", "etc_note": "· 계약기간 : 3개월, 6개월 \n· 가입금액 : 최소 1백만원 최대 10억원", "max_limit": 1000000000, "dcls_strt_day": "20240422", "dcls_end_day": "99991231", "fin_co_subm_day": "202404221023"}}, {"model": "savings.depositproduct", "pk": "10120110400011", "fields": {"dcls_month": "202404", "fin_co_no": "0014807", "kor_co_nm": "수협은행", "fin_prdt_nm": "Sh평생주거래우대예금\n(만기일시지급식)", "join_way": "영업점", "mtrt_int": "* 만기후 1년 이내\n - 만기당시 일반정기예금(월이자지급식) 계약기간별 기본금리 1/2\n* 만기후 1년 초과\n - 만기당시 보통예금 기본금리", "spcl_cnd": "* 최대우대금리 : 0.4%\n1. 거래고객우대금리 : 최대0.1% (신규시) \n -최초예적금고객/재예치/장기거래 각 0.05% \n2. 거래실적우대금리 : 최대0.3% (만기시)\n -급여,연금이체등/수협카드결제/공과금이체등 각0.1%\n※단위:연%p", "join_deny": "1", "join_member": "실명의 개인", "etc_note": "- 1인 1계좌\n- 최저 100만원 이상", "max_limit": null, "dcls_strt_day": "20240422", "dcls_end_day": "99991231", "fin_co_subm_day": "202404221628"}}, {"model": "savings.depositproduct", "pk": "10120114300011", "fields": {"dcls_month": "202404", "fin_co_no": "0014807", "kor_co_nm": "수협은행", "fin_prdt_nm": "Sh해양플라스틱Zero!예금\n(만기일시지급식)", "join_way": "영업점,인터넷,스마트폰", "mtrt_int": "* 만기후 1년 이내\n - 만기당시 일반정기예금(월이자지급식) 계약기간별 기본금리 1/2\n* 만기후 1년 초과\n - 만기당시 보통예금 기본금리", "spcl_cnd": "* 최대우대금리:0.35%\n1. 해양플라스틱감축서약 : 0.1% (신규시) \n2. 봉사활동 또는 상품홍보 : 0.15% (만기시) \n3. 입출금통장 최초신규 : 0.1% (만기시)\n4. 자동이체 출금실적 : 0.1% (만기시)\n - 수협신용카드 / 당행 펀드 또는 적금 / 수협체크카드\n※단위:연%p", "join_deny": "1", "join_member": "실명의 개인", "etc_note": "- 1인 다계좌 가능. \n  단,  합산금액 5억원 이내 \n- 최저 100만원 이상", "max_limit": 500000000, "dcls_strt_day": "20240422", "dcls_end_day": "99991231", "fin_co_subm_day": "202404221628"}}, {"model": "savings.depositproduct", "pk": "10120114700011", "fields": {"dcls_month": "202404", "fin_co_no": "0014807", "kor_co_nm": "수협은행", "fin_prdt_nm": "헤이(Hey)정기예금", "join_way": "인터넷,스마트폰", "mtrt_int": "* 만기후 1년 이내\n - 만기당시 일반정기예금(월이자지급식 기준) 계약기간별 기본금리 1/2\n* 만기후 1년 초과\n - 만기당시 보통예금 기본금리", "spcl_cnd": "없음", "join_deny": "1", "join_member": "실명의 개인", "etc_note": "-1인 다계좌 가능.\n 단, 합산금액 최대 10억원 이내\n-최저 10만원 이상", "max_limit": 1000000000, "dcls_strt_day": "20240422", "dcls_end_day": "99991231", "fin_co_subm_day": "202404221628"}}, {"model": "savings.depositproduct", "pk": "10120116100011", "fields": {"dcls_month": "202404", "fin_co_no": "0014807", "kor_co_nm": "수협은행", "fin_prdt_nm": "Sh첫만남우대예금", "join_way": "인터넷,스마트폰", "mtrt_int": "* 만기후 1년 이내\n - 만기당시 일반정기예금(월이자지급식 기준) 계약기간별 기본금리 1/2\n* 만기후 1년 초과\n - 만기당시 보통예금 기본금리", "spcl_cnd": "* 최대우대금리:1.05%\n1. 첫거래우대 : 1.0% (신규시) \n  - 최근 1년간 수협은행 예적금 활동계좌 미보유 고객포함\n2. 마케팅전체동의 : 0.05%(신규시) \n3. 스마트폰뱅킹의 상품알리기 : 0.80%(만기시)\n※단위:연%p", "join_deny": "1", "join_member": "실명의 개인", "etc_note": "-1인 1계좌\n-최저 100만원 이상", "max_limit": 10000000, "dcls_strt_day": "20240422", "dcls_end_day": "99991231", "fin_co_subm_day": "202404221628"}}, {"model": "savings.depositproduct", "pk": "101272000006", "fields": {"dcls_month": "202404", "fin_co_no": "0010020", "kor_co_nm": "제주은행", "fin_prdt_nm": "제주Dream\n정기예금\n(개인/만기\n지급식)", "join_way": "영업점,인터넷,스마트폰", "mtrt_int": "- 만기후 1개월 이내 : (일반)정기예금 기본이자율의 50%\n(단, 최저금리 0.1%)\n- 만기후 1개월 초과 3개월 이내 : (일반)정기예금 기본이자율의 25%\n(단, 최저금리 0.1%)\n- 만기후 3개월 초과 : 0.1%", "spcl_cnd": "최고 연 0.1%p(항목별 0.1%p)\n①급여이체\n②적립식예금 잔액 10만원 이상 보유\n③탑스, 주거래 고객\n④결제계좌(가맹점) 전월 입금액 10만원 이상 \n⑤비과세종합저축 대상 고객\n⑥다자녀(3인이상 자녀)가정\n⑦탐나는 J연금통장 가입고객\n⑧국민연금안심통장 가입고객\n⑨공무원연금안심통장 가입고객", "join_deny": "1", "join_member": "제한없음", "etc_note": "가입금액 : 1백만원 이상", "max_limit": null, "dcls_strt_day": "20240422", "dcls_end_day": null, "fin_co_subm_day": "202404221029"}}, {"model": "savings.depositproduct", "pk": "101272000057", "fields": {"dcls_month": "202404", "fin_co_no": "0010020", "kor_co_nm": "제주은행", "fin_prdt_nm": "J정기예금\n(만기지급식)", "join_way": "영업점,인터넷,스마트폰", "mtrt_int": "- 만기후 1개월 이내 : (일반)정기예금 기본이자율의 50%\n(단, 최저금리 0.1%)\n- 만기후 1개월 초과 3개월 이내 : (일반)정기예금 기본이자율의 25%\n(단, 최저금리 0.1%)\n- 만기후 3개월 초과 : 0.1%", "spcl_cnd": "- 아래의 우대요건 충족시 최고 0.5%p 추가 우대 \n①비대면 채널 가입시 0.3%제공(신규시제공)  \n(단, 이벤트시 디지털 채널에 고시한 우대금리를 추가 적용할 수 있음)\n②신규일로부터 만기달 제외한 계약기간의 1/2이상 매월 Jbank로그인 시 0.2%제공(만기시제공)", "join_deny": "1", "join_member": "실명의 \n개인 및 \n개인사업자", "etc_note": "가입금액 : 30만원 이상", "max_limit": null, "dcls_strt_day": "20240502", "dcls_end_day": null, "fin_co_subm_day": "202405021013"}}, {"model": "savings.depositproduct", "pk": "101272000058", "fields": {"dcls_month": "202404", "fin_co_no": "0010020", "kor_co_nm": "제주은행", "fin_prdt_nm": "스마일드림 \n정기예금\n(개인/만기\n지급식)", "join_way": "영업점,인터넷,스마트폰", "mtrt_int": "- 만기후 1개월 이내 : (일반)정기예금 기본이자율의 50%\n(단, 최저금리 0.1%)\n- 만기후 1개월 초과 3개월 이내 : (일반)정기예금 기본이자율의 25%\n(단, 최저금리 0.1%)\n- 만기후 3개월 초과 : 0.1%", "spcl_cnd": "-아래의 우대요건 충족시 최고0.3% 추가우대(신규시제공)\n①김만덕나눔적금 보유 또는 김만적 나눔적금 만기 해지고객 0.2%우대(가입시제공)\n②예금가입시 탐나는전 체크카드 보유고객 0.1%우대(가입시제공)\n(단, 이벤트시 영업점,디지털채널에 고시한 우대금리를 추가 적용할 수 있음)", "join_deny": "1", "join_member": "실명의\n개인 및 \n개인사업자", "etc_note": "가입금액 : 1백만원 이상", "max_limit": null, "dcls_strt_day": "20240502", "dcls_end_day": null, "fin_co_subm_day": "202405021013"}}, {"model": "savings.depositproduct", "pk": "10511008000996000", "fields": {"dcls_month": "202404", "fin_co_no": "0010016", "kor_co_nm": "대구은행", "fin_prdt_nm": "DGB주거래우대예금(첫만남고객형)", "join_way": "영업점,인터넷,스마트폰", "mtrt_int": "만기 후 1개월 미만 경과 : 약정이자율 x 50%\n만기 후 3개월 미만 경과 : 약정이자율 x 25% \n만기 후 3개월 이상 경과 : 약정이자율 x 10%", "spcl_cnd": "최고우대금리 : 연0.65%p              \n - 목돈굴리기예금 최초 가입시 : 연0.20%p\n - 상품 가입 전 최근 1개월 이내 신용(체크)카드 신규 발급 : 연0.20%p\n - 상품 가입 전 최근 1개월 이내 인터넷.폰.스마트뱅킹 가입 : 연0.20%p\n * 해당 상품을 인터넷/스마트뱅킹을 통해 가입 : 연0.05%p", "join_deny": "1", "join_member": "실명의 개인", "etc_note": "계좌당 가입 최저한도 : 100만원", "max_limit": null, "dcls_strt_day": "20240425", "dcls_end_day": null, "fin_co_subm_day": "202404250905"}}, {"model": "savings.depositproduct", "pk": "10511008001004000", "fields": {"dcls_month": "202404", "fin_co_no": "0010016", "kor_co_nm": "대구은행", "fin_prdt_nm": "DGB행복파트너예금(일반형)", "join_way": "영업점,인터넷,스마트폰", "mtrt_int": "만기 후 1개월 미만 경과 : 약정이자율 x 50%\n만기 후 3개월 미만 경과 : 약정이자율 x 25% \n만기 후 3개월 이상 경과 : 약정이자율 x 10%", "spcl_cnd": "최고우대금리 : 연0.45%p\n- 지난달 대구은행 통장으로 연금 입금 실적 보유 : 연0.10%p\n- 상품 가입 전 대구은행 신용(체크)카드 보유 : 연0.10%p\n- 지난 3개월 예금 평잔 30만원 이상 : 연0.10%p\n- DGB행복파트너적금 동시 가입 및 만기 보유 : 연0.10%p\n*해당상품을 인터넷/스마트뱅킹을 통해 가입 : 연0.05%p", "join_deny": "3", "join_member": "만50세 이상 개인", "etc_note": "계좌당 가입 최저한도 : 100만원", "max_limit": null, "dcls_strt_day": "20240422", "dcls_end_day": null, "fin_co_subm_day": "202404220954"}}, {"model": "savings.depositproduct", "pk": "10511008001166004", "fields": {"dcls_month": "202404", "fin_co_no": "0010016", "kor_co_nm": "대구은행", "fin_prdt_nm": "DGB함께예금", "join_way": "영업점,인터넷,스마트폰", "mtrt_int": "만기 후 1개월 미만 경과 : 약정이자율 x 50%\n만기 후 3개월 미만 경과 : 약정이자율 x 25% \n만기 후 3개월 이상 경과 : 약정이자율 x 10%", "spcl_cnd": "최고우대금리 : 연0.45%p\n-전월 총 수신 평잔실적 또는 상품 가입 전 첫만남플러스 통장 보유시 \n-대구은행 주택청약상품보유 \n-신규일 \"DGB함께적금\" 동시 가입 및 만기 보유 \n-대구은행 오픈뱅킹서비스에 다른 은행 계좌 등록시 각 연0.10%p                       \n*해당상품을 인터넷/스마트뱅킹을 통해 가입 시 : 연0.05%p", "join_deny": "1", "join_member": "실명의 개인 및 개인사업자", "etc_note": "계좌당 가입 최저한도 : 100만원", "max_limit": null, "dcls_strt_day": "20240425", "dcls_end_day": null, "fin_co_subm_day": "202404250905"}}, {"model": "savings.depositproduct", "pk": "10511008001278000", "fields": {"dcls_month": "202404", "fin_co_no": "0010016", "kor_co_nm": "대구은행", "fin_prdt_nm": "IM스마트예금", "join_way": "인터넷,스마트폰", "mtrt_int": "만기 후 1개월 미만 경과 : 약정이자율 x 50%\n만기 후 3개월 미만 경과 : 약정이자율 x 25% \n만기 후 3개월 이상 경과 : 약정이자율 x 10%", "spcl_cnd": "최고우대금리 : 연0.25%p\n- 가입일(재예치일)로부터 3개월이내 아래 1가지 이상 요건 충족시\n① DGB대구은행 주택청약종합저축 보유\n② DGB대구은행 신용(체크)카드 결제실적 보유(결제금액 출금기준)\n* 해당 상품을 인터넷/스마트뱅크를 통해 가입 : 연0.05%p", "join_deny": "1", "join_member": "실명의 개인", "etc_note": "계좌당 가입 최저한도 : 100만원", "max_limit": null, "dcls_strt_day": "20240425", "dcls_end_day": null, "fin_co_subm_day": "202404250905"}}, {"model": "savings.depositproduct", "pk": "200-0135-12", "fields": {"dcls_month": "202404", "fin_co_no": "0011625", "kor_co_nm": "신한은행", "fin_prdt_nm": "쏠편한 정기예금", "join_way": "인터넷,스마트폰", "mtrt_int": "-1개월 이하: (일반) 정기예금 기본금리 1/2\n(단, 최저금리 0.10%)\n-1개월 초과~6개월 이하: (일반) 정기예금 기본금리의 1/4\n(단, 최저금리 0.10%)\n-6개월 초과:  0.10%", "spcl_cnd": "해당사항없음", "join_deny": "1", "join_member": "만14세이상 개인고객", "etc_note": "1. 가입한도 :\n 1만원 이상", "max_limit": null, "dcls_strt_day": "20240513", "dcls_end_day": null, "fin_co_subm_day": "202405130921"}}, {"model": "savings.depositproduct", "pk": "21001115", "fields": {"dcls_month": "202404", "fin_co_no": "0010024", "kor_co_nm": "경남은행", "fin_prdt_nm": "BNK더조은정기예금", "join_way": "인터넷,스마트폰", "mtrt_int": "만기 후 1개월 이내: 일반정기예금 기본이율 Ⅹ50%\n만기 후 1개월 초과: 일반정기예금 기본이율 Ⅹ20%", "spcl_cnd": "①가입금액 20백만원 이상인 경우 0.20%\n②이 예금 신규시 금리우대쿠폰 등록할 경우 0.20%\n③ 경남은행 오픈뱅킹 서비스에 가입되어 있는 경우(만기시까지 해당서비스 유지하는 경우) 0.10%", "join_deny": "1", "join_member": "거래대상자는 제한을 두지 아니한다. 다만, 국가 및 지방자치단체는 이 예금을 거래할 수 없다.", "etc_note": "1. 이 예금의 계약기간은 3개월 이상 2년 이내 월단위로 한다.\n2. 가입금액은 1인당 최소 100만원 이상 5억원 이하이다.", "max_limit": 500000000, "dcls_strt_day": "20240422", "dcls_end_day": null, "fin_co_subm_day": "202404221106"}}, {"model": "savings.depositproduct", "pk": "21001203", "fields": {"dcls_month": "202404", "fin_co_no": "0010024", "kor_co_nm": "경남은행", "fin_prdt_nm": "BNK주거래우대정기예금", "join_way": "인터넷,스마트폰", "mtrt_int": "만기 후 1개월 이내: 일반정기예금 기본이율 Ⅹ50%\n만기 후 1개월 초과: 일반정기예금 기본이율 Ⅹ20%", "spcl_cnd": "①급여,연금,가맹점대금 중 한 종류 입금할 경우 0.10%\n②당행 신용/체크카드 결제실적 보유할 경우 0.10%\n③가입일 기준 6개월이내 당행 정기예금 미보유 신규 고객인 경우 0.10%", "join_deny": "1", "join_member": "개인 및 개인사업자", "etc_note": "1. 이 예금의 계약기간은 6개월, 1년, 2년으로 한다.\n2. 가입좌수 제한없으며 가입금액은 최소 1백만원 이상 최고 5억원 이하이다.", "max_limit": 500000000, "dcls_strt_day": "20240422", "dcls_end_day": null, "fin_co_subm_day": "202404221106"}}, {"model": "savings.depositproduct", "pk": "21001265", "fields": {"dcls_month": "202404", "fin_co_no": "0010024", "kor_co_nm": "경남은행", "fin_prdt_nm": "BNK MY 원픽 정기예금", "join_way": "영업점,인터넷,스마트폰", "mtrt_int": "만기 후 1개월 이내: 일반정기예금 기본이율 Ⅹ50%\n만기 후 1개월 초과: 일반정기예금 기본이율 Ⅹ20%", "spcl_cnd": "①창립 54주년 기념 고객감사 0.60%\n②다음중 하나의 조건을 충족 시 0.40%\n- 정기예금 15일이내 갱신 시\n- 계약기간 1/2이상 (계약기간 3개월일 경우 2개월 이상) 급여입금/ 공과금자동이체2건이상/가맹점대금입금 중 택1 \n- 계좌신규 시 BNK위더스자유적금 보유", "join_deny": "1", "join_member": "거래대상자는 제한을 두지 아니한다. 다만, 국가 및 지방자치단체는 이 예금을 거래할 수 없다.", "etc_note": "1. 이 예금의 계약기간은 3개월, 6개월,12개월으로 한다.\n2.가입좌수 제한없으며 가입금액은 최소 1백만원 이상이다.", "max_limit": 200000000, "dcls_strt_day": "20240422", "dcls_end_day": null, "fin_co_subm_day": "202404221106"}}, {"model": "savings.depositproduct", "pk": "21001266", "fields": {"dcls_month": "202404", "fin_co_no": "0010024", "kor_co_nm": "경남은행", "fin_prdt_nm": "The 든든 예금", "join_way": "인터넷,스마트폰", "mtrt_int": "만기 후 1개월 이내: 일반정기예금 기본이율 Ⅹ50%\n만기 후 1개월 초과: 일반정기예금 기본이율 Ⅹ20%", "spcl_cnd": "①가입고객 누구나 0.80%\n②신규고객 우대(최근 12개월 신규이력·해지이력 미보유) 0.20%\n③가입금액 1억원이상시 0.10%\n④이벤트금리(비대면금리) 0.20%\n※ ②, ③ 항목은 가입기간 12개월만 적용", "join_deny": "1", "join_member": "거래대상자는 제한을 두지 아니한다. 다만, 국가 및 지방자치단체는 이 예금을 거래할 수 없다.", "etc_note": "1. 이 예금의 계약기간은 12개월로 한다.\n2. 가입금액은 1인당 최소 100만원 이상 10억원 이하이다.", "max_limit": 1000000000, "dcls_strt_day": "20240422", "dcls_end_day": null, "fin_co_subm_day": "202404221106"}}, {"model": "savings.depositproduct", "pk": "4", "fields": {"dcls_month": "202404", "fin_co_no": "0013909", "kor_co_nm": "하나은행", "fin_prdt_nm": "하나의정기예금", "join_way": "스마트폰", "mtrt_int": "1개월이내 : 지급당시 해당기간 일반정기예금 월이자지급식 기본금리 1/2\n1개월초과 : 지급당시 해당기간 일반정기예금 월이자지급식 기본금리 1/4", "spcl_cnd": "해당사항없음", "join_deny": "1", "join_member": "실명의 개인 또는 개인사업자", "etc_note": "1. 가입금액: 1백만원이상\n2. 1인 최대가입한도 : 제한 없음", "max_limit": null, "dcls_strt_day": "20240422", "dcls_end_day": null, "fin_co_subm_day": "202404221103"}}, {"model": "savings.depositproduct", "pk": "TD11300027000", "fields": {"dcls_month": "202404", "fin_co_no": "0010019", "kor_co_nm": "광주은행", "fin_prdt_nm": "미즈월복리정기예금", "join_way": "영업점,인터넷,스마트폰,기타", "mtrt_int": "*만기후 1개월 이내: 만기일 당시 최초 가입 기간별 일반정기예금 고시금리의 1/2 \n*만기후 1개월 초과: 0.01%", "spcl_cnd": "▶ 최고우대금리 0.2% \n ① 요구불평잔 : 0.2% -300만원이상 0.1%, 500만원이상 0.2%\n ② 신용(체크)카드결제실적 : 0.1% -전월결제금 300만원이상 0.05%, 500만원이상 0.1%", "join_deny": "1", "join_member": "만18세이상 여성으로 실명의 개인 및 개인사업자", "etc_note": "1. 가입기간 : 1년이상 3년제\n2. 가입금액 : 5백만원이상 최고 50백만원", "max_limit": 50000000, "dcls_strt_day": "20240422", "dcls_end_day": null, "fin_co_subm_day": "202405170853"}}, {"model": "savings.depositproduct", "pk": "TD11300031000", "fields": {"dcls_month": "202404", "fin_co_no": "0010019", "kor_co_nm": "광주은행", "fin_prdt_nm": "스마트모아Dream정기예금", "join_way": "인터넷,스마트폰", "mtrt_int": "*만기후 1개월 이내: 만기일 당시 최초 가입 기간별 일반정기예금 고시금리의 1/2 \n*만기후 1개월 초과: 0.01%", "spcl_cnd": "▶ 1천만원 이상 가입시 최대 0.2%우대", "join_deny": "1", "join_member": "개인 및 개인사업자", "etc_note": "1. 가입기간 : 1개월이상 3년제\n2. 최소가입금액 : 100만원이상", "max_limit": null, "dcls_strt_day": "20240422", "dcls_end_day": null, "fin_co_subm_day": "202405170852"}}, {"model": "savings.depositproduct", "pk": "TD11300035000", "fields": {"dcls_month": "202404", "fin_co_no": "0010019", "kor_co_nm": "광주은행", "fin_prdt_nm": "굿스타트예금", "join_way": "스마트폰", "mtrt_int": "*만기후 1개월 이내: 만기일 당시 최초 가입 기간별 일반정기예금 고시금리의 1/2 \n*만기후 1개월 초과: 0.01%", "spcl_cnd": "▶ 최고우대금리 0.5% \n ① 첫예금거래 : 0.4% -최근1년동안 정기예금 계좌 신규 또는 해지이력이 없는경우\n ② 개인(신용)정보 수집이용동의 : 0.1% -만기일전일까지 유지시", "join_deny": "1", "join_member": "개인 및 개인사업자", "etc_note": "1. 가입기간 : 1년제\n2. 가입금액 : 1백만원이상 최고 1억원(1인1계좌)", "max_limit": 100000000, "dcls_strt_day": "20240422", "dcls_end_day": null, "fin_co_subm_day": "202405170853"}}, {"model": "savings.depositproduct", "pk": "TD11300036000", "fields": {"dcls_month": "202404", "fin_co_no": "0010019", "kor_co_nm": "광주은행", "fin_prdt_nm": "The플러스예금", "join_way": "영업점,스마트폰", "mtrt_int": "*만기후 1개월 이내: 만기일 당시 최초 가입 기간별 일반정기예금 고시금리의 1/2 \n*만기후 1개월 초과: 0.01%", "spcl_cnd": "▶ 해당사항없음", "join_deny": "1", "join_member": "개인 및 법인(단,국가 지자체 및 금융기관 제외)", "etc_note": "1. 가입기간 : 3개월,6개월,1년제\n2. 가입금액 : 10백만원이상 고객당 10억원한도", "max_limit": 1000000000, "dcls_strt_day": "20240422", "dcls_end_day": null, "fin_co_subm_day": "202405170853"}}, {"model": "savings.depositproduct", "pk": "WR0001B", "fields": {"dcls_month": "202404", "fin_co_no": "0010001", "kor_co_nm": "우리은행", "fin_prdt_nm": "WON플러스예금", "join_way": "인터넷,스마트폰,전화(텔레뱅킹)", "mtrt_int": "만기 후\n- 1개월이내 : 만기시점약정이율×50%\n- 1개월초과 6개월이내: 만기시점약정이율×30%\n- 6개월초과 : 만기시점약정이율×20%\n\n※ 만기시점 약정이율 : 일반정기예금 금리", "spcl_cnd": "해당사항 없음", "join_deny": "1", "join_member": "실명의 개인", "etc_note": "- 가입기간: 1~36개월\n- 최소가입금액: 1만원 이상\n- 만기일을 일,월 단위로 자유롭게 선택 가능\n- 만기해지 시 신규일 당시 영업점과 인터넷 홈페이지에 고시된 계약기간별 금리 적용", "max_limit": null, "dcls_strt_day": "20240424", "dcls_end_day": null, "fin_co_subm_day": "202404240919"}}, {"model": "savings.depositoption", "pk": 1, "fields": {"deposit_product": "WR0001B", "dcls_month": "202404", "fin_co_no": "0010001", "fin_prdt_cd": "WR0001B", "intr_rate_type": "S", "intr_rate_type_nm": "단리", "rsrv_type": "", "rsrv_type_nm": "", "save_trm": "1", "intr_rate": 3.0, "intr_rate2": 3.0}}, {"model": "savings.depositoption", "pk": 2, "fields": {"deposit_product": "WR0001B", "dcls_month": "202404", "fin_co_no": "0010001", "fin_prdt_cd": "WR0001B", "intr_rate_type": "S", "intr_rate_type_nm": "단리", "rsrv_type": "", "rsrv_type_nm": "", "save_trm": "3", "intr_rate": 3.5, "intr_rate2": 3.5}}, {"model": "savings.depositoption", "pk": 3, "fields": {"deposit_product": "WR0001B", "dcls_month": "202404", "fin_co_no": "0010001", "fin_prdt_cd": "WR0001B", "intr_rate_type": "S", "intr_rate_type_nm": "단리", "rsrv_type": "", "rsrv_type_nm": "", "save_trm": "6", "intr_rate": 3.5, "intr_rate2": 3.5}}, {"model": "savings.depositoption", "pk": 4, "fields": {"deposit_product": "WR0001B", "dcls_month": "202404", "fin_co_no": "0010001", "fin_prdt_cd": "WR0001B", "intr_rate_type": "S", "intr_rate_type_nm": "단리", "rsrv_type": "", "rsrv_type_nm": "", "save_trm": "12", "intr_rate": 3.55, "intr_rate2": 3.55}}, {"model": "savings.depositoption", "pk": 5, "fields": {"deposit_product": "WR0001B", "dcls_month": "202404", "fin_co_no": "0010001", "fin_prdt_cd": "WR0001B", "intr_rate_type": "S", "intr_rate_type_nm": "단리", "rsrv_type": "", "rsrv_type_nm": "", "save_trm": "24", "intr_rate": 3.0, "intr_rate2": 3.0}}, {"model": "savings.depositoption", "pk": 6, "fields": {"deposit_product": "WR0001B", "dcls_month": "202404", "fin_co_no": "0010001", "fin_prdt_cd": "WR0001B", "intr_rate_type": "S", "intr_rate_type_nm": "단리", "rsrv_type": "", "rsrv_type_nm": "", "save_trm": "36", "intr_rate": 3.0, "intr_rate2": 3.0}}, {"model": "savings.depositoption", "pk": 7, "fields": {"deposit_product": "00320342", "dcls_month": "202404", "fin_co_no": "0010002", "fin_prdt_cd": "00320342", "intr_rate_type": "S", "intr_rate_type_nm": "단리", "rsrv_type": "", "rsrv_type_nm": "", "save_trm": "1", "intr_rate": 3.0, "intr_rate2": 3.2}}, {"model": "savings.depositoption", "pk": 8, "fields": {"deposit_product": "00320342", "dcls_month": "202404", "fin_co_no": "0010002", "fin_prdt_cd": "00320342", "intr_rate_type": "S", "intr_rate_type_nm": "단리", "rsrv_type": "", "rsrv_type_nm": "", "save_trm": "3", "intr_rate": 3.4, "intr_rate2": 3.6}}, {"model": "savings.depositoption", "pk": 9, "fields": {"deposit_product": "00320342", "dcls_month": "202404", "fin_co_no": "0010002", "fin_prdt_cd": "00320342", "intr_rate_type": "S", "intr_rate_type_nm": "단리", "rsrv_type": "", "rsrv_type_nm": "", "save_trm": "6", "intr_rate": 3.4, "intr_rate2": 3.6}}, {"model": "savings.depositoption", "pk": 10, "fields": {"deposit_product": "00320342", "dcls_month": "202404", "fin_co_no": "0010002", "fin_prdt_cd": "00320342", "intr_rate_type": "S", "intr_rate_type_nm": "단리", "rsrv_type": "", "rsrv_type_nm": "", "save_trm": "12", "intr_rate": 3.4, "intr_rate2": 3.7}}, {"model": "savings.depositoption", "pk": 11, "fields": {"deposit_product": "10511008000996000", "dcls_month": "202404", "fin_co_no": "0010016", "fin_prdt_cd": "10511008000996000", "intr_rate_type": "S", "intr_rate_type_nm": "단리", "rsrv_type": "", "rsrv_type_nm": "", "save_trm": "6", "intr_rate": 2.46, "intr_rate2": 3.11}}, {"model": "savings.depositoption", "pk": 12, "fields": {"deposit_product": "10511008000996000", "dcls_month": "202404", "fin_co_no": "0010016", "fin_prdt_cd": "10511008000996000", "intr_rate_type": "S", "intr_rate_type_nm": "단리", "rsrv_type": "", "rsrv_type_nm": "", "save_trm": "12", "intr_rate": 3.2, "intr_rate2": 3.85}}, {"model": "savings.depositoption", "pk": 13, "fields": {"deposit_product": "10511008000996000", "dcls_month": "202404", "fin_co_no": "0010016", "fin_prdt_cd": "10511008000996000", "intr_rate_type": "S", "intr_rate_type_nm": "단리", "rsrv_type": "", "rsrv_type_nm": "", "save_trm": "24", "intr_rate": 3.22, "intr_rate2": 3.87}}, {"model": "savings.depositoption", "pk": 14, "fields": {"deposit_product": "10511008000996000", "dcls_month": "202404", "fin_co_no": "0010016", "fin_prdt_cd": "10511008000996000", "intr_rate_type": "S", "intr_rate_type_nm": "단리", "rsrv_type": "", "rsrv_type_nm": "", "save_trm": "36", "intr_rate": 3.24, "intr_rate2": 3.89}}, {"model": "savings.depositoption", "pk": 15, "fields": {"deposit_product": "10511008001004000", "dcls_month": "202404", "fin_co_no": "0010016", "fin_prdt_cd": "10511008001004000", "intr_rate_type": "S", "intr_rate_type_nm": "단리", "rsrv_type": "", "rsrv_type_nm": "", "save_trm": "3", "intr_rate": 1.92, "intr_rate2": 2.37}}, {"model": "savings.depositoption", "pk": 16, "fields": {"deposit_product": "10511008001004000", "dcls_month": "202404", "fin_co_no": "0010016", "fin_prdt_cd": "10511008001004000", "intr_rate_type": "S", "intr_rate_type_nm": "단리", "rsrv_type": "", "rsrv_type_nm": "", "save_trm": "6", "intr_rate": 2.42, "intr_rate2": 2.87}}, {"model": "savings.depositoption", "pk": 17, "fields": {"deposit_product": "10511008001004000", "dcls_month": "202404", "fin_co_no": "0010016", "fin_prdt_cd": "10511008001004000", "intr_rate_type": "S", "intr_rate_type_nm": "단리", "rsrv_type": "", "rsrv_type_nm": "", "save_trm": "12", "intr_rate": 3.16, "intr_rate2": 3.61}}, {"model": "savings.depositoption", "pk": 18, "fields": {"deposit_product": "10511008001004000", "dcls_month": "202404", "fin_co_no": "0010016", "fin_prdt_cd": "10511008001004000", "intr_rate_type": "S", "intr_rate_type_nm": "단리", "rsrv_type": "", "rsrv_type_nm": "", "save_trm": "24", "intr_rate": 3.18, "intr_rate2": 3.63}}, {"model": "savings.depositoption", "pk": 19, "fields": {"deposit_product": "10511008001004000", "dcls_month": "202404", "fin_co_no": "0010016", "fin_prdt_cd": "10511008001004000", "intr_rate_type": "S", "intr_rate_type_nm": "단리", "rsrv_type": "", "rsrv_type_nm": "", "save_trm": "36", "intr_rate": 3.2, "intr_rate2": 3.65}}, {"model": "savings.depositoption", "pk": 20, "fields": {"deposit_product": "10511008001166004", "dcls_month": "202404", "fin_co_no": "0010016", "fin_prdt_cd": "10511008001166004", "intr_rate_type": "S", "intr_rate_type_nm": "단리", "rsrv_type": "", "rsrv_type_nm": "", "save_trm": "12", "intr_rate": 3.35, "intr_rate2": 3.8}}, {"model": "savings.depositoption", "pk": 21, "fields": {"deposit_product": "10511008001278000", "dcls_month": "202404", "fin_co_no": "0010016", "fin_prdt_cd": "10511008001278000", "intr_rate_type": "S", "intr_rate_type_nm": "단리", "rsrv_type": "", "rsrv_type_nm": "", "save_trm": "1", "intr_rate": 2.2, "intr_rate2": 2.25}}, {"model": "savings.depositoption", "pk": 22, "fields": {"deposit_product": "10511008001278000", "dcls_month": "202404", "fin_co_no": "0010016", "fin_prdt_cd": "10511008001278000", "intr_rate_type": "S", "intr_rate_type_nm": "단리", "rsrv_type": "", "rsrv_type_nm": "", "save_trm": "3", "intr_rate": 2.4, "intr_rate2": 2.45}}, {"model": "savings.depositoption", "pk": 23, "fields": {"deposit_product": "10511008001278000", "dcls_month": "202404", "fin_co_no": "0010016", "fin_prdt_cd": "10511008001278000", "intr_rate_type": "S", "intr_rate_type_nm": "단리", "rsrv_type": "", "rsrv_type_nm": "", "save_trm": "6", "intr_rate": 3.25, "intr_rate2": 3.5}}, {"model": "savings.depositoption", "pk": 24, "fields": {"deposit_product": "10511008001278000", "dcls_month": "202404", "fin_co_no": "0010016", "fin_prdt_cd": "10511008001278000", "intr_rate_type": "S", "intr_rate_type_nm": "단리", "rsrv_type": "", "rsrv_type_nm": "", "save_trm": "12", "intr_rate": 3.4, "intr_rate2": 3.65}}, {"model": "savings.depositoption", "pk": 25, "fields": {"deposit_product": "10511008001278000", "dcls_month": "202404", "fin_co_no": "0010016", "fin_prdt_cd": "10511008001278000", "intr_rate_type": "S", "intr_rate_type_nm": "단리", "rsrv_type": "", "rsrv_type_nm": "", "save_trm": "24", "intr_rate": 3.2, "intr_rate2": 3.45}}, {"model": "savings.depositoption", "pk": 26, "fields": {"deposit_product": "10511008001278000", "dcls_month": "202404", "fin_co_no": "0010016", "fin_prdt_cd": "10511008001278000", "intr_rate_type": "S", "intr_rate_type_nm": "단리", "rsrv_type": "", "rsrv_type_nm": "", "save_trm": "36", "intr_rate": 3.2, "intr_rate2": 3.45}}, {"model": "savings.depositoption", "pk": 27, "fields": {"deposit_product": "01030500510002", "dcls_month": "202404", "fin_co_no": "0010017", "fin_prdt_cd": "01030500510002", "intr_rate_type": "S", "intr_rate_type_nm": "단리", "rsrv_type": "", "rsrv_type_nm": "", "save_trm": "1", "intr_rate": 2.25, "intr_rate2": 2.25}}, {"model": "savings.depositoption", "pk": 28, "fields": {"deposit_product": "01030500510002", "dcls_month": "202404", "fin_co_no": "0010017", "fin_prdt_cd": "01030500510002", "intr_rate_type": "S", "intr_rate_type_nm": "단리", "rsrv_type": "", "rsrv_type_nm": "", "save_trm": "3", "intr_rate": 2.45, "intr_rate2": 3.4}}, {"model": "savings.depositoption", "pk": 29, "fields": {"deposit_product": "01030500510002", "dcls_month": "202404", "fin_co_no": "0010017", "fin_prdt_cd": "01030500510002", "intr_rate_type": "S", "intr_rate_type_nm": "단리", "rsrv_type": "", "rsrv_type_nm": "", "save_trm": "6", "intr_rate": 2.55, "intr_rate2": 3.4}}, {"model": "savings.depositoption", "pk": 30, "fields": {"deposit_product": "01030500510002", "dcls_month": "202404", "fin_co_no": "0010017", "fin_prdt_cd": "01030500510002", "intr_rate_type": "S", "intr_rate_type_nm": "단리", "rsrv_type": "", "rsrv_type_nm": "", "save_trm": "12", "intr_rate": 2.75, "intr_rate2": 3.4}}, {"model": "savings.depositoption", "pk": 31, "fields": {"deposit_product": "01030500510002", "dcls_month": "202404", "fin_co_no": "0010017", "fin_prdt_cd": "01030500510002", "intr_rate_type": "S", "intr_rate_type_nm": "단리", "rsrv_type": "", "rsrv_type_nm": "", "save_trm": "24", "intr_rate": 2.8, "intr_rate2": 2.8}}, {"model": "savings.depositoption", "pk": 32, "fields": {"deposit_product": "01030500510002", "dcls_month": "202404", "fin_co_no": "0010017", "fin_prdt_cd": "01030500510002", "intr_rate_type": "S", "intr_rate_type_nm": "단리", "rsrv_type": "", "rsrv_type_nm": "", "save_trm": "36", "intr_rate": 2.8, "intr_rate2": 2.8}}, {"model": "savings.depositoption", "pk": 33, "fields": {"deposit_product": "01030500560002", "dcls_month": "202404", "fin_co_no": "0010017", "fin_prdt_cd": "01030500560002", "intr_rate_type": "S", "intr_rate_type_nm": "단리", "rsrv_type": "", "rsrv_type_nm": "", "save_trm": "1", "intr_rate": 2.2, "intr_rate2": 2.85}}, {"model": "savings.depositoption", "pk": 34, "fields": {"deposit_product": "01030500560002", "dcls_month": "202404", "fin_co_no": "0010017", "fin_prdt_cd": "01030500560002", "intr_rate_type": "S", "intr_rate_type_nm": "단리", "rsrv_type": "", "rsrv_type_nm": "", "save_trm": "3", "intr_rate": 2.75, "intr_rate2": 3.4}}, {"model": "savings.depositoption", "pk": 35, "fields": {"deposit_product": "01030500560002", "dcls_month": "202404", "fin_co_no": "0010017", "fin_prdt_cd": "01030500560002", "intr_rate_type": "S", "intr_rate_type_nm": "단리", "rsrv_type": "", "rsrv_type_nm": "", "save_trm": "6", "intr_rate": 3.0, "intr_rate2": 3.65}}, {"model": "savings.depositoption", "pk": 36, "fields": {"deposit_product": "01030500560002", "dcls_month": "202404", "fin_co_no": "0010017", "fin_prdt_cd": "01030500560002", "intr_rate_type": "S", "intr_rate_type_nm": "단리", "rsrv_type": "", "rsrv_type_nm": "", "save_trm": "12", "intr_rate": 3.0, "intr_rate2": 3.65}}, {"model": "savings.depositoption", "pk": 37, "fields": {"deposit_product": "01030500560002", "dcls_month": "202404", "fin_co_no": "0010017", "fin_prdt_cd": "01030500560002", "intr_rate_type": "S", "intr_rate_type_nm": "단리", "rsrv_type": "", "rsrv_type_nm": "", "save_trm": "24", "intr_rate": 2.25, "intr_rate2": 2.9}}, {"model": "savings.depositoption", "pk": 38, "fields": {"deposit_product": "01030500560002", "dcls_month": "202404", "fin_co_no": "0010017", "fin_prdt_cd": "01030500560002", "intr_rate_type": "S", "intr_rate_type_nm": "단리", "rsrv_type": "", "rsrv_type_nm": "", "save_trm": "36", "intr_rate": 1.95, "intr_rate2": 2.6}}, {"model": "savings.depositoption", "pk": 39, "fields": {"deposit_product": "TD11300027000", "dcls_month": "202404", "fin_co_no": "0010019", "fin_prdt_cd": "TD11300027000", "intr_rate_type": "M", "intr_rate_type_nm": "복리", "rsrv_type": "", "rsrv_type_nm": "", "save_trm": "12", "intr_rate": 3.41, "intr_rate2": 3.61}}, {"model": "savings.depositoption", "pk": 40, "fields": {"deposit_product": "TD11300027000", "dcls_month": "202404", "fin_co_no": "0010019", "fin_prdt_cd": "TD11300027000", "intr_rate_type": "M", "intr_rate_type_nm": "복리", "rsrv_type": "", "rsrv_type_nm": "", "save_trm": "24", "intr_rate": 3.41, "intr_rate2": 3.61}}, {"model": "savings.depositoption", "pk": 41, "fields": {"deposit_product": "TD11300027000", "dcls_month": "202404", "fin_co_no": "0010019", "fin_prdt_cd": "TD11300027000", "intr_rate_type": "M", "intr_rate_type_nm": "복리", "rsrv_type": "", "rsrv_type_nm": "", "save_trm": "36", "intr_rate": 3.36, "intr_rate2": 3.56}}, {"model": "savings.depositoption", "pk": 42, "fields": {"deposit_product": "TD11300031000", "dcls_month": "202404", "fin_co_no": "0010019", "fin_prdt_cd": "TD11300031000", "intr_rate_type": "S", "intr_rate_type_nm": "단리", "rsrv_type": "", "rsrv_type_nm": "", "save_trm": "1", "intr_rate": 3.08, "intr_rate2": 3.18}}, {"model": "savings.depositoption", "pk": 43, "fields": {"deposit_product": "TD11300031000", "dcls_month": "202404", "fin_co_no": "0010019", "fin_prdt_cd": "TD11300031000", "intr_rate_type": "S", "intr_rate_type_nm": "단리", "rsrv_type": "", "rsrv_type_nm": "", "save_trm": "3", "intr_rate": 3.17, "intr_rate2": 3.27}}, {"model": "savings.depositoption", "pk": 44, "fields": {"deposit_product": "TD11300031000", "dcls_month": "202404", "fin_co_no": "0010019", "fin_prdt_cd": "TD11300031000", "intr_rate_type": "S", "intr_rate_type_nm": "단리", "rsrv_type": "", "rsrv_type_nm": "", "save_trm": "6", "intr_rate": 3.23, "intr_rate2": 3.33}}, {"model": "savings.depositoption", "pk": 45, "fields": {"deposit_product": "TD11300031000", "dcls_month": "202404", "fin_co_no": "0010019", "fin_prdt_cd": "TD11300031000", "intr_rate_type": "S", "intr_rate_type_nm": "단리", "rsrv_type": "", "rsrv_type_nm": "", "save_trm": "12", "intr_rate": 3.31, "intr_rate2": 3.51}}, {"model": "savings.depositoption", "pk": 46, "fields": {"deposit_product": "TD11300031000", "dcls_month": "202404", "fin_co_no": "0010019", "fin_prdt_cd": "TD11300031000", "intr_rate_type": "S", "intr_rate_type_nm": "단리", "rsrv_type": "", "rsrv_type_nm": "", "save_trm": "24", "intr_rate": 3.31, "intr_rate2": 3.51}}, {"model": "savings.depositoption", "pk": 47, "fields": {"deposit_product": "TD11300031000", "dcls_month": "202404", "fin_co_no": "0010019", "fin_prdt_cd": "TD11300031000", "intr_rate_type": "S", "intr_rate_type_nm": "단리", "rsrv_type": "", "rsrv_type_nm": "", "save_trm": "36", "intr_rate": 3.26, "intr_rate2": 3.46}}, {"model": "savings.depositoption", "pk": 48, "fields": {"deposit_product": "TD11300035000", "dcls_month": "202404", "fin_co_no": "0010019", "fin_prdt_cd": "TD11300035000", "intr_rate_type": "S", "intr_rate_type_nm": "단리", "rsrv_type": "", "rsrv_type_nm": "", "save_trm": "12", "intr_rate": 3.21, "intr_rate2": 3.71}}, {"model": "savings.depositoption", "pk": 49, "fields": {"deposit_product": "TD11300036000", "dcls_month": "202404", "fin_co_no": "0010019", "fin_prdt_cd": "TD11300036000", "intr_rate_type": "S", "intr_rate_type_nm": "단리", "rsrv_type": "", "rsrv_type_nm": "", "save_trm": "3", "intr_rate": 3.4, "intr_rate2": 3.4}}, {"model": "savings.depositoption", "pk": 50, "fields": {"deposit_product": "TD11300036000", "dcls_month": "202404", "fin_co_no": "0010019", "fin_prdt_cd": "TD11300036000", "intr_rate_type": "S", "intr_rate_type_nm": "단리", "rsrv_type": "", "rsrv_type_nm": "", "save_trm": "6", "intr_rate": 3.45, "intr_rate2": 3.45}}, {"model": "savings.depositoption", "pk": 51, "fields": {"deposit_product": "TD11300036000", "dcls_month": "202404", "fin_co_no": "0010019", "fin_prdt_cd": "TD11300036000", "intr_rate_type": "S", "intr_rate_type_nm": "단리", "rsrv_type": "", "rsrv_type_nm": "", "save_trm": "12", "intr_rate": 3.45, "intr_rate2": 3.45}}, {"model": "savings.depositoption", "pk": 52, "fields": {"deposit_product": "101272000006", "dcls_month": "202404", "fin_co_no": "0010020", "fin_prdt_cd": "101272000006", "intr_rate_type": "S", "intr_rate_type_nm": "단리", "rsrv_type": "", "rsrv_type_nm": "", "save_trm": "1", "intr_rate": 2.6, "intr_rate2": 2.7}}, {"model": "savings.depositoption", "pk": 53, "fields": {"deposit_product": "101272000006", "dcls_month": "202404", "fin_co_no": "0010020", "fin_prdt_cd": "101272000006", "intr_rate_type": "S", "intr_rate_type_nm": "단리", "rsrv_type": "", "rsrv_type_nm": "", "save_trm": "3", "intr_rate": 2.7, "intr_rate2": 2.8}}, {"model": "savings.depositoption", "pk": 54, "fields": {"deposit_product": "101272000006", "dcls_month": "202404", "fin_co_no": "0010020", "fin_prdt_cd": "101272000006", "intr_rate_type": "S", "intr_rate_type_nm": "단리", "rsrv_type": "", "rsrv_type_nm": "", "save_trm": "6", "intr_rate": 2.85, "intr_rate2": 2.95}}, {"model": "savings.depositoption", "pk": 55, "fields": {"deposit_product": "101272000006", "dcls_month": "202404", "fin_co_no": "0010020", "fin_prdt_cd": "101272000006", "intr_rate_type": "S", "intr_rate_type_nm": "단리", "rsrv_type": "", "rsrv_type_nm": "", "save_trm": "12", "intr_rate": 3.05, "intr_rate2": 3.15}}, {"model": "savings.depositoption", "pk": 56, "fields": {"deposit_product": "101272000006", "dcls_month": "202404", "fin_co_no": "0010020", "fin_prdt_cd": "101272000006", "intr_rate_type": "S", "intr_rate_type_nm": "단리", "rsrv_type": "", "rsrv_type_nm": "", "save_trm": "24", "intr_rate": 3.15, "intr_rate2": 3.25}}, {"model": "savings.depositoption", "pk": 57, "fields": {"deposit_product": "101272000006", "dcls_month": "202404", "fin_co_no": "0010020", "fin_prdt_cd": "101272000006", "intr_rate_type": "S", "intr_rate_type_nm": "단리", "rsrv_type": "", "rsrv_type_nm": "", "save_trm": "36", "intr_rate": 3.25, "intr_rate2": 3.35}}, {"model": "savings.depositoption", "pk": 58, "fields": {"deposit_product": "101272000057", "dcls_month": "202404", "fin_co_no": "0010020", "fin_prdt_cd": "101272000057", "intr_rate_type": "S", "intr_rate_type_nm": "단리", "rsrv_type": "", "rsrv_type_nm": "", "save_trm": "1", "intr_rate": 2.3, "intr_rate2": 3.2}}, {"model": "savings.depositoption", "pk": 59, "fields": {"deposit_product": "101272000057", "dcls_month": "202404", "fin_co_no": "0010020", "fin_prdt_cd": "101272000057", "intr_rate_type": "S", "intr_rate_type_nm": "단리", "rsrv_type": "", "rsrv_type_nm": "", "save_trm": "3", "intr_rate": 2.6, "intr_rate2": 3.5}}, {"model": "savings.depositoption", "pk": 60, "fields": {"deposit_product": "101272000057", "dcls_month": "202404", "fin_co_no": "0010020", "fin_prdt_cd": "101272000057", "intr_rate_type": "S", "intr_rate_type_nm": "단리", "rsrv_type": "", "rsrv_type_nm": "", "save_trm": "6", "intr_rate": 3.0, "intr_rate2": 3.7}}, {"model": "savings.depositoption", "pk": 61, "fields": {"deposit_product": "101272000057", "dcls_month": "202404", "fin_co_no": "0010020", "fin_prdt_cd": "101272000057", "intr_rate_type": "S", "intr_rate_type_nm": "단리", "rsrv_type": "", "rsrv_type_nm": "", "save_trm": "12", "intr_rate": 3.1, "intr_rate2": 3.75}}, {"model": "savings.depositoption", "pk": 62, "fields": {"deposit_product": "101272000057", "dcls_month": "202404", "fin_co_no": "0010020", "fin_prdt_cd": "101272000057", "intr_rate_type": "S", "intr_rate_type_nm": "단리", "rsrv_type": "", "rsrv_type_nm": "", "save_trm": "24", "intr_rate": 3.0, "intr_rate2": 3.5}}, {"model": "savings.depositoption", "pk": 63, "fields": {"deposit_product": "101272000057", "dcls_month": "202404", "fin_co_no": "0010020", "fin_prdt_cd": "101272000057", "intr_rate_type": "S", "intr_rate_type_nm": "단리", "rsrv_type": "", "rsrv_type_nm": "", "save_trm": "36", "intr_rate": 3.0, "intr_rate2": 3.5}}, {"model": "savings.depositoption", "pk": 64, "fields": {"deposit_product": "101272000058", "dcls_month": "202404", "fin_co_no": "0010020", "fin_prdt_cd": "101272000058", "intr_rate_type": "S", "intr_rate_type_nm": "단리", "rsrv_type": "", "rsrv_type_nm": "", "save_trm": "3", "intr_rate": 2.6, "intr_rate2": 3.35}}, {"model": "savings.depositoption", "pk": 65, "fields": {"deposit_product": "101272000058", "dcls_month": "202404", "fin_co_no": "0010020", "fin_prdt_cd": "101272000058", "intr_rate_type": "S", "intr_rate_type_nm": "단리", "rsrv_type": "", "rsrv_type_nm": "", "save_trm": "6", "intr_rate": 2.75, "intr_rate2": 3.5}}, {"model": "savings.depositoption", "pk": 66, "fields": {"deposit_product": "101272000058", "dcls_month": "202404", "fin_co_no": "0010020", "fin_prdt_cd": "101272000058", "intr_rate_type": "S", "intr_rate_type_nm": "단리", "rsrv_type": "", "rsrv_type_nm": "", "save_trm": "12", "intr_rate": 2.95, "intr_rate2": 3.7}}, {"model": "savings.depositoption", "pk": 67, "fields": {"deposit_product": "10-01-20-024-0046-0000", "dcls_month": "202404", "fin_co_no": "0010022", "fin_prdt_cd": "10-01-20-024-0046-0000", "intr_rate_type": "S", "intr_rate_type_nm": "단리", "rsrv_type": "", "rsrv_type_nm": "", "save_trm": "3", "intr_rate": 3.5, "intr_rate2": 3.5}}, {"model": "savings.depositoption", "pk": 68, "fields": {"deposit_product": "10-01-20-024-0046-0000", "dcls_month": "202404", "fin_co_no": "0010022", "fin_prdt_cd": "10-01-20-024-0046-0000", "intr_rate_type": "S", "intr_rate_type_nm": "단리", "rsrv_type": "", "rsrv_type_nm": "", "save_trm": "6", "intr_rate": 3.55, "intr_rate2": 3.55}}, {"model": "savings.depositoption", "pk": 69, "fields": {"deposit_product": "10-01-20-024-0046-0000", "dcls_month": "202404", "fin_co_no": "0010022", "fin_prdt_cd": "10-01-20-024-0046-0000", "intr_rate_type": "S", "intr_rate_type_nm": "단리", "rsrv_type": "", "rsrv_type_nm": "", "save_trm": "12", "intr_rate": 3.4, "intr_rate2": 3.4}}, {"model": "savings.depositoption", "pk": 70, "fields": {"deposit_product": "10-01-20-024-0059-0000", "dcls_month": "202404", "fin_co_no": "0010022", "fin_prdt_cd": "10-01-20-024-0059-0000", "intr_rate_type": "S", "intr_rate_type_nm": "단리", "rsrv_type": "", "rsrv_type_nm": "", "save_trm": "12", "intr_rate": 3.4, "intr_rate2": 3.4}}, {"model": "savings.depositoption", "pk": 71, "fields": {"deposit_product": "10-01-20-024-0059-0000", "dcls_month": "202404", "fin_co_no": "0010022", "fin_prdt_cd": "10-01-20-024-0059-0000", "intr_rate_type": "S", "intr_rate_type_nm": "단리", "rsrv_type": "", "rsrv_type_nm": "", "save_trm": "24", "intr_rate": 3.4, "intr_rate2": 3.6}}, {"model": "savings.depositoption", "pk": 72, "fields": {"deposit_product": "10-01-20-024-0059-0000", "dcls_month": "202404", "fin_co_no": "0010022", "fin_prdt_cd": "10-01-20-024-0059-0000", "intr_rate_type": "S", "intr_rate_type_nm": "단리", "rsrv_type": "", "rsrv_type_nm": "", "save_trm": "36", "intr_rate": 3.4, "intr_rate2": 3.7}}, {"model": "savings.depositoption", "pk": 73, "fields": {"deposit_product": "21001115", "dcls_month": "202404", "fin_co_no": "0010024", "fin_prdt_cd": "21001115", "intr_rate_type": "S", "intr_rate_type_nm": "단리", "rsrv_type": "", "rsrv_type_nm": "", "save_trm": "3", "intr_rate": 2.45, "intr_rate2": 2.95}}, {"model": "savings.depositoption", "pk": 74, "fields": {"deposit_product": "21001115", "dcls_month": "202404", "fin_co_no": "0010024", "fin_prdt_cd": "21001115", "intr_rate_type": "S", "intr_rate_type_nm": "단리", "rsrv_type": "", "rsrv_type_nm": "", "save_trm": "6", "intr_rate": 2.6, "intr_rate2": 3.1}}, {"model": "savings.depositoption", "pk": 75, "fields": {"deposit_product": "21001115", "dcls_month": "202404", "fin_co_no": "0010024", "fin_prdt_cd": "21001115", "intr_rate_type": "S", "intr_rate_type_nm": "단리", "rsrv_type": "", "rsrv_type_nm": "", "save_trm": "12", "intr_rate": 2.95, "intr_rate2": 3.45}}, {"model": "savings.depositoption", "pk": 76, "fields": {"deposit_product": "21001115", "dcls_month": "202404", "fin_co_no": "0010024", "fin_prdt_cd": "21001115", "intr_rate_type": "S", "intr_rate_type_nm": "단리", "rsrv_type": "", "rsrv_type_nm": "", "save_trm": "24", "intr_rate": 3.05, "intr_rate2": 3.55}}, {"model": "savings.depositoption", "pk": 77, "fields": {"deposit_product": "21001203", "dcls_month": "202404", "fin_co_no": "0010024", "fin_prdt_cd": "21001203", "intr_rate_type": "S", "intr_rate_type_nm": "단리", "rsrv_type": "", "rsrv_type_nm": "", "save_trm": "6", "intr_rate": 3.15, "intr_rate2": 3.45}}, {"model": "savings.depositoption", "pk": 78, "fields": {"deposit_product": "21001203", "dcls_month": "202404", "fin_co_no": "0010024", "fin_prdt_cd": "21001203", "intr_rate_type": "S", "intr_rate_type_nm": "단리", "rsrv_type": "", "rsrv_type_nm": "", "save_trm": "12", "intr_rate": 3.4, "intr_rate2": 3.7}}, {"model": "savings.depositoption", "pk": 79, "fields": {"deposit_product": "21001203", "dcls_month": "202404", "fin_co_no": "0010024", "fin_prdt_cd": "21001203", "intr_rate_type": "S", "intr_rate_type_nm": "단리", "rsrv_type": "", "rsrv_type_nm": "", "save_trm": "24", "intr_rate": 3.45, "intr_rate2": 3.75}}, {"model": "savings.depositoption", "pk": 80, "fields": {"deposit_product": "21001265", "dcls_month": "202404", "fin_co_no": "0010024", "fin_prdt_cd": "21001265", "intr_rate_type": "S", "intr_rate_type_nm": "단리", "rsrv_type": "", "rsrv_type_nm": "", "save_trm": "3", "intr_rate": 2.5, "intr_rate2": 3.5}}, {"model": "savings.depositoption", "pk": 81, "fields": {"deposit_product": "21001265", "dcls_month": "202404", "fin_co_no": "0010024", "fin_prdt_cd": "21001265", "intr_rate_type": "S", "intr_rate_type_nm": "단리", "rsrv_type": "", "rsrv_type_nm": "", "save_trm": "6", "intr_rate": 2.55, "intr_rate2": 3.55}}, {"model": "savings.depositoption", "pk": 82, "fields": {"deposit_product": "21001265", "dcls_month": "202404", "fin_co_no": "0010024", "fin_prdt_cd": "21001265", "intr_rate_type": "S", "intr_rate_type_nm": "단리", "rsrv_type": "", "rsrv_type_nm": "", "save_trm": "12", "intr_rate": 2.55, "intr_rate2": 3.55}}, {"model": "savings.depositoption", "pk": 83, "fields": {"deposit_product": "21001266", "dcls_month": "202404", "fin_co_no": "0010024", "fin_prdt_cd": "21001266", "intr_rate_type": "S", "intr_rate_type_nm": "단리", "rsrv_type": "", "rsrv_type_nm": "", "save_trm": "3", "intr_rate": 2.5, "intr_rate2": 3.5}}, {"model": "savings.depositoption", "pk": 84, "fields": {"deposit_product": "21001266", "dcls_month": "202404", "fin_co_no": "0010024", "fin_prdt_cd": "21001266", "intr_rate_type": "S", "intr_rate_type_nm": "단리", "rsrv_type": "", "rsrv_type_nm": "", "save_trm": "6", "intr_rate": 2.55, "intr_rate2": 3.55}}, {"model": "savings.depositoption", "pk": 85, "fields": {"deposit_product": "21001266", "dcls_month": "202404", "fin_co_no": "0010024", "fin_prdt_cd": "21001266", "intr_rate_type": "S", "intr_rate_type_nm": "단리", "rsrv_type": "", "rsrv_type_nm": "", "save_trm": "12", "intr_rate": 2.55, "intr_rate2": 3.85}}, {"model": "savings.depositoption", "pk": 86, "fields": {"deposit_product": "01211310121", "dcls_month": "202404", "fin_co_no": "0010026", "fin_prdt_cd": "01211310121", "intr_rate_type": "S", "intr_rate_type_nm": "단리", "rsrv_type": "", "rsrv_type_nm": "", "save_trm": "12", "intr_rate": 3.45, "intr_rate2": 3.65}}, {"model": "savings.depositoption", "pk": 87, "fields": {"deposit_product": "01211310121", "dcls_month": "202404", "fin_co_no": "0010026", "fin_prdt_cd": "01211310121", "intr_rate_type": "S", "intr_rate_type_nm": "단리", "rsrv_type": "", "rsrv_type_nm": "", "save_trm": "24", "intr_rate": 3.5, "intr_rate2": 3.7}}, {"model": "savings.depositoption", "pk": 88, "fields": {"deposit_product": "01211310121", "dcls_month": "202404", "fin_co_no": "0010026", "fin_prdt_cd": "01211310121", "intr_rate_type": "S", "intr_rate_type_nm": "단리", "rsrv_type": "", "rsrv_type_nm": "", "save_trm": "36", "intr_rate": 3.6, "intr_rate2": 3.8}}, {"model": "savings.depositoption", "pk": 89, "fields": {"deposit_product": "01211310130", "dcls_month": "202404", "fin_co_no": "0010026", "fin_prdt_cd": "01211310130", "intr_rate_type": "S", "intr_rate_type_nm": "단리", "rsrv_type": "", "rsrv_type_nm": "", "save_trm": "6", "intr_rate": 3.33, "intr_rate2": 3.33}}, {"model": "savings.depositoption", "pk": 90, "fields": {"deposit_product": "01211310130", "dcls_month": "202404", "fin_co_no": "0010026", "fin_prdt_cd": "01211310130", "intr_rate_type": "S", "intr_rate_type_nm": "단리", "rsrv_type": "", "rsrv_type_nm": "", "save_trm": "12", "intr_rate": 3.35, "intr_rate2": 3.35}}, {"model": "savings.depositoption", "pk": 91, "fields": {"deposit_product": "01211310130", "dcls_month": "202404", "fin_co_no": "0010026", "fin_prdt_cd": "01211310130", "intr_rate_type": "S", "intr_rate_type_nm": "단리", "rsrv_type": "", "rsrv_type_nm": "", "save_trm": "24", "intr_rate": 3.36, "intr_rate2": 3.36}}, {"model": "savings.depositoption", "pk": 92, "fields": {"deposit_product": "01211310130", "dcls_month": "202404", "fin_co_no": "0010026", "fin_prdt_cd": "01211310130", "intr_rate_type": "S", "intr_rate_type_nm": "단리", "rsrv_type": "", "rsrv_type_nm": "", "save_trm": "36", "intr_rate": 3.33, "intr_rate2": 3.33}}, {"model": "savings.depositoption", "pk": 93, "fields": {"deposit_product": "06492", "dcls_month": "202404", "fin_co_no": "0010030", "fin_prdt_cd": "06492", "intr_rate_type": "S", "intr_rate_type_nm": "단리", "rsrv_type": "", "rsrv_type_nm": "", "save_trm": "1", "intr_rate": 3.0, "intr_rate2": 3.0}}, {"model": "savings.depositoption", "pk": 94, "fields": {"deposit_product": "06492", "dcls_month": "202404", "fin_co_no": "0010030", "fin_prdt_cd": "06492", "intr_rate_type": "S", "intr_rate_type_nm": "단리", "rsrv_type": "", "rsrv_type_nm": "", "save_trm": "3", "intr_rate": 3.1, "intr_rate2": 3.1}}, {"model": "savings.depositoption", "pk": 95, "fields": {"deposit_product": "06492", "dcls_month": "202404", "fin_co_no": "0010030", "fin_prdt_cd": "06492", "intr_rate_type": "S", "intr_rate_type_nm": "단리", "rsrv_type": "", "rsrv_type_nm": "", "save_trm": "6", "intr_rate": 3.4, "intr_rate2": 3.4}}, {"model": "savings.depositoption", "pk": 96, "fields": {"deposit_product": "06492", "dcls_month": "202404", "fin_co_no": "0010030", "fin_prdt_cd": "06492", "intr_rate_type": "S", "intr_rate_type_nm": "단리", "rsrv_type": "", "rsrv_type_nm": "", "save_trm": "12", "intr_rate": 3.6, "intr_rate2": 3.6}}, {"model": "savings.depositoption", "pk": 97, "fields": {"deposit_product": "06492", "dcls_month": "202404", "fin_co_no": "0010030", "fin_prdt_cd": "06492", "intr_rate_type": "S", "intr_rate_type_nm": "단리", "rsrv_type": "", "rsrv_type_nm": "", "save_trm": "24", "intr_rate": 3.35, "intr_rate2": 3.35}}, {"model": "savings.depositoption", "pk": 98, "fields": {"deposit_product": "06492", "dcls_month": "202404", "fin_co_no": "0010030", "fin_prdt_cd": "06492", "intr_rate_type": "S", "intr_rate_type_nm": "단리", "rsrv_type": "", "rsrv_type_nm": "", "save_trm": "36", "intr_rate": 3.35, "intr_rate2": 3.35}}, {"model": "savings.depositoption", "pk": 99, "fields": {"deposit_product": "010300100335", "dcls_month": "202404", "fin_co_no": "0010927", "fin_prdt_cd": "010300100335", "intr_rate_type": "S", "intr_rate_type_nm": "단리", "rsrv_type": "", "rsrv_type_nm": "", "save_trm": "1", "intr_rate": 1.8, "intr_rate2": 3.0}}, {"model": "savings.depositoption", "pk": 100, "fields": {"deposit_product": "010300100335", "dcls_month": "202404", "fin_co_no": "0010927", "fin_prdt_cd": "010300100335", "intr_rate_type": "S", "intr_rate_type_nm": "단리", "rsrv_type": "", "rsrv_type_nm": "", "save_trm": "3", "intr_rate": 2.2, "intr_rate2": 3.45}}, {"model": "savings.depositoption", "pk": 101, "fields": {"deposit_product": "010300100335", "dcls_month": "202404", "fin_co_no": "0010927", "fin_prdt_cd": "010300100335", "intr_rate_type": "S", "intr_rate_type_nm": "단리", "rsrv_type": "", "rsrv_type_nm": "", "save_trm": "6", "intr_rate": 2.3, "intr_rate2": 3.45}}, {"model": "savings.depositoption", "pk": 102, "fields": {"deposit_product": "010300100335", "dcls_month": "202404", "fin_co_no": "0010927", "fin_prdt_cd": "010300100335", "intr_rate_type": "S", "intr_rate_type_nm": "단리", "rsrv_type": "", "rsrv_type_nm": "", "save_trm": "12", "intr_rate": 2.6, "intr_rate2": 3.5}}, {"model": "savings.depositoption", "pk": 103, "fields": {"deposit_product": "010300100335", "dcls_month": "202404", "fin_co_no": "0010927", "fin_prdt_cd": "010300100335", "intr_rate_type": "S", "intr_rate_type_nm": "단리", "rsrv_type": "", "rsrv_type_nm": "", "save_trm": "24", "intr_rate": 2.7, "intr_rate2": 2.8}}, {"model": "savings.depositoption", "pk": 104, "fields": {"deposit_product": "010300100335", "dcls_month": "202404", "fin_co_no": "0010927", "fin_prdt_cd": "010300100335", "intr_rate_type": "S", "intr_rate_type_nm": "단리", "rsrv_type": "", "rsrv_type_nm": "", "save_trm": "36", "intr_rate": 2.8, "intr_rate2": 2.8}}, {"model": "savings.depositoption", "pk": 105, "fields": {"deposit_product": "200-0135-12", "dcls_month": "202404", "fin_co_no": "0011625", "fin_prdt_cd": "200-0135-12", "intr_rate_type": "S", "intr_rate_type_nm": "단리", "rsrv_type": "", "rsrv_type_nm": "", "save_trm": "1", "intr_rate": 2.15, "intr_rate2": 3.0}}, {"model": "savings.depositoption", "pk": 106, "fields": {"deposit_product": "200-0135-12", "dcls_month": "202404", "fin_co_no": "0011625", "fin_prdt_cd": "200-0135-12", "intr_rate_type": "S", "intr_rate_type_nm": "단리", "rsrv_type": "", "rsrv_type_nm": "", "save_trm": "3", "intr_rate": 2.45, "intr_rate2": 3.45}}, {"model": "savings.depositoption", "pk": 107, "fields": {"deposit_product": "200-0135-12", "dcls_month": "202404", "fin_co_no": "0011625", "fin_prdt_cd": "200-0135-12", "intr_rate_type": "S", "intr_rate_type_nm": "단리", "rsrv_type": "", "rsrv_type_nm": "", "save_trm": "6", "intr_rate": 2.75, "intr_rate2": 3.5}}, {"model": "savings.depositoption", "pk": 108, "fields": {"deposit_product": "200-0135-12", "dcls_month": "202404", "fin_co_no": "0011625", "fin_prdt_cd": "200-0135-12", "intr_rate_type": "S", "intr_rate_type_nm": "단리", "rsrv_type": "", "rsrv_type_nm": "", "save_trm": "12", "intr_rate": 2.9, "intr_rate2": 3.5}}, {"model": "savings.depositoption", "pk": 109, "fields": {"deposit_product": "200-0135-12", "dcls_month": "202404", "fin_co_no": "0011625", "fin_prdt_cd": "200-0135-12", "intr_rate_type": "S", "intr_rate_type_nm": "단리", "rsrv_type": "", "rsrv_type_nm": "", "save_trm": "24", "intr_rate": 2.95, "intr_rate2": 3.0}}, {"model": "savings.depositoption", "pk": 110, "fields": {"deposit_product": "200-0135-12", "dcls_month": "202404", "fin_co_no": "0011625", "fin_prdt_cd": "200-0135-12", "intr_rate_type": "S", "intr_rate_type_nm": "단리", "rsrv_type": "", "rsrv_type_nm": "", "save_trm": "36", "intr_rate": 3.0, "intr_rate2": 3.0}}, {"model": "savings.depositoption", "pk": 111, "fields": {"deposit_product": "10-003-1225-0001", "dcls_month": "202404", "fin_co_no": "0013175", "fin_prdt_cd": "10-003-1225-0001", "intr_rate_type": "S", "intr_rate_type_nm": "단리", "rsrv_type": "", "rsrv_type_nm": "", "save_trm": "1", "intr_rate": 2.95, "intr_rate2": 3.05}}, {"model": "savings.depositoption", "pk": 112, "fields": {"deposit_product": "10-003-1225-0001", "dcls_month": "202404", "fin_co_no": "0013175", "fin_prdt_cd": "10-003-1225-0001", "intr_rate_type": "S", "intr_rate_type_nm": "단리", "rsrv_type": "", "rsrv_type_nm": "", "save_trm": "3", "intr_rate": 3.35, "intr_rate2": 3.45}}, {"model": "savings.depositoption", "pk": 113, "fields": {"deposit_product": "10-003-1225-0001", "dcls_month": "202404", "fin_co_no": "0013175", "fin_prdt_cd": "10-003-1225-0001", "intr_rate_type": "S", "intr_rate_type_nm": "단리", "rsrv_type": "", "rsrv_type_nm": "", "save_trm": "6", "intr_rate": 3.35, "intr_rate2": 3.45}}, {"model": "savings.depositoption", "pk": 114, "fields": {"deposit_product": "10-003-1225-0001", "dcls_month": "202404", "fin_co_no": "0013175", "fin_prdt_cd": "10-003-1225-0001", "intr_rate_type": "S", "intr_rate_type_nm": "단리", "rsrv_type": "", "rsrv_type_nm": "", "save_trm": "12", "intr_rate": 3.5, "intr_rate2": 3.6}}, {"model": "savings.depositoption", "pk": 115, "fields": {"deposit_product": "10-003-1381-0001", "dcls_month": "202404", "fin_co_no": "0013175", "fin_prdt_cd": "10-003-1381-0001", "intr_rate_type": "S", "intr_rate_type_nm": "단리", "rsrv_type": "", "rsrv_type_nm": "", "save_trm": "12", "intr_rate": 3.1, "intr_rate2": 3.5}}, {"model": "savings.depositoption", "pk": 116, "fields": {"deposit_product": "10-003-1381-0001", "dcls_month": "202404", "fin_co_no": "0013175", "fin_prdt_cd": "10-003-1381-0001", "intr_rate_type": "S", "intr_rate_type_nm": "단리", "rsrv_type": "", "rsrv_type_nm": "", "save_trm": "24", "intr_rate": 3.15, "intr_rate2": 3.55}}, {"model": "savings.depositoption", "pk": 117, "fields": {"deposit_product": "10-003-1381-0001", "dcls_month": "202404", "fin_co_no": "0013175", "fin_prdt_cd": "10-003-1381-0001", "intr_rate_type": "S", "intr_rate_type_nm": "단리", "rsrv_type": "", "rsrv_type_nm": "", "save_trm": "36", "intr_rate": 3.4, "intr_rate2": 3.8}}, {"model": "savings.depositoption", "pk": 118, "fields": {"deposit_product": "10-003-1384-0001", "dcls_month": "202404", "fin_co_no": "0013175", "fin_prdt_cd": "10-003-1384-0001", "intr_rate_type": "S", "intr_rate_type_nm": "단리", "rsrv_type": "", "rsrv_type_nm": "", "save_trm": "1", "intr_rate": 3.0, "intr_rate2": 3.0}}, {"model": "savings.depositoption", "pk": 119, "fields": {"deposit_product": "10-003-1384-0001", "dcls_month": "202404", "fin_co_no": "0013175", "fin_prdt_cd": "10-003-1384-0001", "intr_rate_type": "S", "intr_rate_type_nm": "단리", "rsrv_type": "", "rsrv_type_nm": "", "save_trm": "3", "intr_rate": 3.45, "intr_rate2": 3.45}}, {"model": "savings.depositoption", "pk": 120, "fields": {"deposit_product": "10-003-1384-0001", "dcls_month": "202404", "fin_co_no": "0013175", "fin_prdt_cd": "10-003-1384-0001", "intr_rate_type": "S", "intr_rate_type_nm": "단리", "rsrv_type": "", "rsrv_type_nm": "", "save_trm": "6", "intr_rate": 3.45, "intr_rate2": 3.45}}, {"model": "savings.depositoption", "pk": 121, "fields": {"deposit_product": "10-003-1384-0001", "dcls_month": "202404", "fin_co_no": "0013175", "fin_prdt_cd": "10-003-1384-0001", "intr_rate_type": "S", "intr_rate_type_nm": "단리", "rsrv_type": "", "rsrv_type_nm": "", "save_trm": "12", "intr_rate": 3.6, "intr_rate2": 3.6}}, {"model": "savings.depositoption", "pk": 122, "fields": {"deposit_product": "10-003-1384-0001", "dcls_month": "202404", "fin_co_no": "0013175", "fin_prdt_cd": "10-003-1384-0001", "intr_rate_type": "S", "intr_rate_type_nm": "단리", "rsrv_type": "", "rsrv_type_nm": "", "save_trm": "24", "intr_rate": 3.23, "intr_rate2": 3.23}}, {"model": "savings.depositoption", "pk": 123, "fields": {"deposit_product": "10-003-1384-0001", "dcls_month": "202404", "fin_co_no": "0013175", "fin_prdt_cd": "10-003-1384-0001", "intr_rate_type": "S", "intr_rate_type_nm": "단리", "rsrv_type": "", "rsrv_type_nm": "", "save_trm": "36", "intr_rate": 3.4, "intr_rate2": 3.4}}, {"model": "savings.depositoption", "pk": 124, "fields": {"deposit_product": "10-003-1387-0001", "dcls_month": "202404", "fin_co_no": "0013175", "fin_prdt_cd": "10-003-1387-0001", "intr_rate_type": "S", "intr_rate_type_nm": "단리", "rsrv_type": "", "rsrv_type_nm": "", "save_trm": "12", "intr_rate": 3.1, "intr_rate2": 3.9}}, {"model": "savings.depositoption", "pk": 125, "fields": {"deposit_product": "4", "dcls_month": "202404", "fin_co_no": "0013909", "fin_prdt_cd": "4", "intr_rate_type": "S", "intr_rate_type_nm": "단리", "rsrv_type": "", "rsrv_type_nm": "", "save_trm": "1", "intr_rate": 2.0, "intr_rate2": 3.0}}, {"model": "savings.depositoption", "pk": 126, "fields": {"deposit_product": "4", "dcls_month": "202404", "fin_co_no": "0013909", "fin_prdt_cd": "4", "intr_rate_type": "S", "intr_rate_type_nm": "단리", "rsrv_type": "", "rsrv_type_nm": "", "save_trm": "3", "intr_rate": 2.2, "intr_rate2": 3.45}}, {"model": "savings.depositoption", "pk": 127, "fields": {"deposit_product": "4", "dcls_month": "202404", "fin_co_no": "0013909", "fin_prdt_cd": "4", "intr_rate_type": "S", "intr_rate_type_nm": "단리", "rsrv_type": "", "rsrv_type_nm": "", "save_trm": "6", "intr_rate": 2.3, "intr_rate2": 3.45}}, {"model": "savings.depositoption", "pk": 128, "fields": {"deposit_product": "4", "dcls_month": "202404", "fin_co_no": "0013909", "fin_prdt_cd": "4", "intr_rate_type": "S", "intr_rate_type_nm": "단리", "rsrv_type": "", "rsrv_type_nm": "", "save_trm": "12", "intr_rate": 2.6, "intr_rate2": 3.5}}, {"model": "savings.depositoption", "pk": 129, "fields": {"deposit_product": "4", "dcls_month": "202404", "fin_co_no": "0013909", "fin_prdt_cd": "4", "intr_rate_type": "S", "intr_rate_type_nm": "단리", "rsrv_type": "", "rsrv_type_nm": "", "save_trm": "24", "intr_rate": 2.7, "intr_rate2": 3.0}}, {"model": "savings.depositoption", "pk": 130, "fields": {"deposit_product": "4", "dcls_month": "202404", "fin_co_no": "0013909", "fin_prdt_cd": "4", "intr_rate_type": "S", "intr_rate_type_nm": "단리", "rsrv_type": "", "rsrv_type_nm": "", "save_trm": "36", "intr_rate": 2.8, "intr_rate2": 3.0}}, {"model": "savings.depositoption", "pk": 131, "fields": {"deposit_product": "01013000110000000001", "dcls_month": "202404", "fin_co_no": "0014674", "fin_prdt_cd": "01013000110000000001", "intr_rate_type": "S", "intr_rate_type_nm": "단리", "rsrv_type": "", "rsrv_type_nm": "", "save_trm": "1", "intr_rate": 3.05, "intr_rate2": 3.05}}, {"model": "savings.depositoption", "pk": 132, "fields": {"deposit_product": "01013000110000000001", "dcls_month": "202404", "fin_co_no": "0014674", "fin_prdt_cd": "01013000110000000001", "intr_rate_type": "S", "intr_rate_type_nm": "단리", "rsrv_type": "", "rsrv_type_nm": "", "save_trm": "3", "intr_rate": 3.5, "intr_rate2": 3.5}}, {"model": "savings.depositoption", "pk": 133, "fields": {"deposit_product": "01013000110000000001", "dcls_month": "202404", "fin_co_no": "0014674", "fin_prdt_cd": "01013000110000000001", "intr_rate_type": "S", "intr_rate_type_nm": "단리", "rsrv_type": "", "rsrv_type_nm": "", "save_trm": "6", "intr_rate": 3.55, "intr_rate2": 3.55}}, {"model": "savings.depositoption", "pk": 134, "fields": {"deposit_product": "01013000110000000001", "dcls_month": "202404", "fin_co_no": "0014674", "fin_prdt_cd": "01013000110000000001", "intr_rate_type": "S", "intr_rate_type_nm": "단리", "rsrv_type": "", "rsrv_type_nm": "", "save_trm": "12", "intr_rate": 3.55, "intr_rate2": 3.55}}, {"model": "savings.depositoption", "pk": 135, "fields": {"deposit_product": "01013000110000000001", "dcls_month": "202404", "fin_co_no": "0014674", "fin_prdt_cd": "01013000110000000001", "intr_rate_type": "S", "intr_rate_type_nm": "단리", "rsrv_type": "", "rsrv_type_nm": "", "save_trm": "24", "intr_rate": 3.2, "intr_rate2": 3.2}}, {"model": "savings.depositoption", "pk": 136, "fields": {"deposit_product": "01013000110000000001", "dcls_month": "202404", "fin_co_no": "0014674", "fin_prdt_cd": "01013000110000000001", "intr_rate_type": "S", "intr_rate_type_nm": "단리", "rsrv_type": "", "rsrv_type_nm": "", "save_trm": "36", "intr_rate": 3.2, "intr_rate2": 3.2}}, {"model": "savings.depositoption", "pk": 137, "fields": {"deposit_product": "10120110400011", "dcls_month": "202404", "fin_co_no": "0014807", "fin_prdt_cd": "10120110400011", "intr_rate_type": "S", "intr_rate_type_nm": "단리", "rsrv_type": "", "rsrv_type_nm": "", "save_trm": "12", "intr_rate": 2.4, "intr_rate2": 2.8}}, {"model": "savings.depositoption", "pk": 138, "fields": {"deposit_product": "10120114300011", "dcls_month": "202404", "fin_co_no": "0014807", "fin_prdt_cd": "10120114300011", "intr_rate_type": "S", "intr_rate_type_nm": "단리", "rsrv_type": "", "rsrv_type_nm": "", "save_trm": "6", "intr_rate": 3.4, "intr_rate2": 3.75}}, {"model": "savings.depositoption", "pk": 139, "fields": {"deposit_product": "10120114300011", "dcls_month": "202404", "fin_co_no": "0014807", "fin_prdt_cd": "10120114300011", "intr_rate_type": "S", "intr_rate_type_nm": "단리", "rsrv_type": "", "rsrv_type_nm": "", "save_trm": "12", "intr_rate": 3.4, "intr_rate2": 3.75}}, {"model": "savings.depositoption", "pk": 140, "fields": {"deposit_product": "10120114700011", "dcls_month": "202404", "fin_co_no": "0014807", "fin_prdt_cd": "10120114700011", "intr_rate_type": "S", "intr_rate_type_nm": "단리", "rsrv_type": "", "rsrv_type_nm": "", "save_trm": "3", "intr_rate": 3.65, "intr_rate2": 3.65}}, {"model": "savings.depositoption", "pk": 141, "fields": {"deposit_product": "10120114700011", "dcls_month": "202404", "fin_co_no": "0014807", "fin_prdt_cd": "10120114700011", "intr_rate_type": "S", "intr_rate_type_nm": "단리", "rsrv_type": "", "rsrv_type_nm": "", "save_trm": "6", "intr_rate": 3.65, "intr_rate2": 3.65}}, {"model": "savings.depositoption", "pk": 142, "fields": {"deposit_product": "10120114700011", "dcls_month": "202404", "fin_co_no": "0014807", "fin_prdt_cd": "10120114700011", "intr_rate_type": "S", "intr_rate_type_nm": "단리", "rsrv_type": "", "rsrv_type_nm": "", "save_trm": "12", "intr_rate": 3.65, "intr_rate2": 3.65}}, {"model": "savings.depositoption", "pk": 143, "fields": {"deposit_product": "10120116100011", "dcls_month": "202404", "fin_co_no": "0014807", "fin_prdt_cd": "10120116100011", "intr_rate_type": "S", "intr_rate_type_nm": "단리", "rsrv_type": "", "rsrv_type_nm": "", "save_trm": "12", "intr_rate": 2.85, "intr_rate2": 3.9}}, {"model": "savings.depositoption", "pk": 144, "fields": {"deposit_product": "10-01-20-388-0002", "dcls_month": "202404", "fin_co_no": "0015130", "fin_prdt_cd": "10-01-20-388-0002", "intr_rate_type": "S", "intr_rate_type_nm": "단리", "rsrv_type": "", "rsrv_type_nm": "", "save_trm": "1", "intr_rate": 2.7, "intr_rate2": 2.7}}, {"model": "savings.depositoption", "pk": 145, "fields": {"deposit_product": "10-01-20-388-0002", "dcls_month": "202404", "fin_co_no": "0015130", "fin_prdt_cd": "10-01-20-388-0002", "intr_rate_type": "S", "intr_rate_type_nm": "단리", "rsrv_type": "", "rsrv_type_nm": "", "save_trm": "3", "intr_rate": 3.2, "intr_rate2": 3.2}}, {"model": "savings.depositoption", "pk": 146, "fields": {"deposit_product": "10-01-20-388-0002", "dcls_month": "202404", "fin_co_no": "0015130", "fin_prdt_cd": "10-01-20-388-0002", "intr_rate_type": "S", "intr_rate_type_nm": "단리", "rsrv_type": "", "rsrv_type_nm": "", "save_trm": "6", "intr_rate": 3.3, "intr_rate2": 3.3}}, {"model": "savings.depositoption", "pk": 147, "fields": {"deposit_product": "10-01-20-388-0002", "dcls_month": "202404", "fin_co_no": "0015130", "fin_prdt_cd": "10-01-20-388-0002", "intr_rate_type": "S", "intr_rate_type_nm": "단리", "rsrv_type": "", "rsrv_type_nm": "", "save_trm": "12", "intr_rate": 3.3, "intr_rate2": 3.3}}, {"model": "savings.depositoption", "pk": 148, "fields": {"deposit_product": "10-01-20-388-0002", "dcls_month": "202404", "fin_co_no": "0015130", "fin_prdt_cd": "10-01-20-388-0002", "intr_rate_type": "S", "intr_rate_type_nm": "단리", "rsrv_type": "", "rsrv_type_nm": "", "save_trm": "24", "intr_rate": 3.0, "intr_rate2": 3.0}}, {"model": "savings.depositoption", "pk": 149, "fields": {"deposit_product": "10-01-20-388-0002", "dcls_month": "202404", "fin_co_no": "0015130", "fin_prdt_cd": "10-01-20-388-0002", "intr_rate_type": "S", "intr_rate_type_nm": "단리", "rsrv_type": "", "rsrv_type_nm": "", "save_trm": "36", "intr_rate": 3.0, "intr_rate2": 3.0}}, {"model": "savings.depositoption", "pk": 150, "fields": {"deposit_product": "1001202000002", "dcls_month": "202404", "fin_co_no": "0017801", "fin_prdt_cd": "1001202000002", "intr_rate_type": "S", "intr_rate_type_nm": "단리", "rsrv_type": "", "rsrv_type_nm": "", "save_trm": "3", "intr_rate": 3.0, "intr_rate2": 3.0}}, {"model": "savings.depositoption", "pk": 151, "fields": {"deposit_product": "1001202000002", "dcls_month": "202404", "fin_co_no": "0017801", "fin_prdt_cd": "1001202000002", "intr_rate_type": "S", "intr_rate_type_nm": "단리", "rsrv_type": "", "rsrv_type_nm": "", "save_trm": "6", "intr_rate": 3.0, "intr_rate2": 3.0}}, {"model": "exchange_rate.exchange", "pk": 1, "fields": {"cur_nm": "아랍에미리트 디르함", "cur_unit": "AED", "deal_bas_r": "368.96", "ttb": "365.27"}}, {"model": "exchange_rate.exchange", "pk": 2, "fields": {"cur_nm": "호주 달러", "cur_unit": "AUD", "deal_bas_r": "907.37", "ttb": "898.29"}}, {"model": "exchange_rate.exchange", "pk": 3, "fields": {"cur_nm": "바레인 디나르", "cur_unit": "BHD", "deal_bas_r": "3594.79", "ttb": "3558.84"}}, {"model": "exchange_rate.exchange", "pk": 4, "fields": {"cur_nm": "브루나이 달러", "cur_unit": "BND", "deal_bas_r": "1007.43", "ttb": "997.35"}}, {"model": "exchange_rate.exchange", "pk": 5, "fields": {"cur_nm": "캐나다 달러", "cur_unit": "CAD", "deal_bas_r": "995.81", "ttb": "985.85"}}, {"model": "exchange_rate.exchange", "pk": 6, "fields": {"cur_nm": "스위스 프랑", "cur_unit": "CHF", "deal_bas_r": "1491.03", "ttb": "1476.11"}}, {"model": "exchange_rate.exchange", "pk": 7, "fields": {"cur_nm": "위안화", "cur_unit": "CNH", "deal_bas_r": "187.54", "ttb": "185.66"}}, {"model": "exchange_rate.exchange", "pk": 8, "fields": {"cur_nm": "덴마아크 크로네", "cur_unit": "DKK", "deal_bas_r": "197.48", "ttb": "195.50"}}, {"model": "exchange_rate.exchange", "pk": 9, "fields": {"cur_nm": "유로", "cur_unit": "EUR", "deal_bas_r": "1473.44", "ttb": "1458.70"}}, {"model": "exchange_rate.exchange", "pk": 10, "fields": {"cur_nm": "영국 파운드", "cur_unit": "GBP", "deal_bas_r": "1721.51", "ttb": "1704.29"}}, {"model": "exchange_rate.exchange", "pk": 11, "fields": {"cur_nm": "홍콩 달러", "cur_unit": "HKD", "deal_bas_r": "173.68", "ttb": "171.94"}}, {"model": "exchange_rate.exchange", "pk": 12, "fields": {"cur_nm": "인도네시아 루피아", "cur_unit": "IDR(100)", "deal_bas_r": "8.49", "ttb": "8.40"}}, {"model": "exchange_rate.exchange", "pk": 13, "fields": {"cur_nm": "일본 옌", "cur_unit": "JPY(100)", "deal_bas_r": "870.25", "ttb": "861.54"}}, {"model": "exchange_rate.exchange", "pk": 14, "fields": {"cur_nm": "한국 원", "cur_unit": "KRW", "deal_bas_r": "1.00", "ttb": "0.00"}}, {"model": "exchange_rate.exchange", "pk": 15, "fields": {"cur_nm": "쿠웨이트 디나르", "cur_unit": "KWD", "deal_bas_r": "4410.45", "ttb": "4366.34"}}, {"model": "exchange_rate.exchange", "pk": 16, "fields": {"cur_nm": "말레이지아 링기트", "cur_unit": "MYR", "deal_bas_r": "289.11", "ttb": "286.21"}}, {"model": "exchange_rate.exchange", "pk": 17, "fields": {"cur_nm": "노르웨이 크로네", "cur_unit": "NOK", "deal_bas_r": "126.90", "ttb": "125.63"}}, {"model": "exchange_rate.exchange", "pk": 18, "fields": {"cur_nm": "뉴질랜드 달러", "cur_unit": "NZD", "deal_bas_r": "831.14", "ttb": "822.82"}}, {"model": "exchange_rate.exchange", "pk": 19, "fields": {"cur_nm": "사우디 리얄", "cur_unit": "SAR", "deal_bas_r": "361.35", "ttb": "357.73"}}, {"model": "exchange_rate.exchange", "pk": 20, "fields": {"cur_nm": "스웨덴 크로나", "cur_unit": "SEK", "deal_bas_r": "126.62", "ttb": "125.35"}}, {"model": "exchange_rate.exchange", "pk": 21, "fields": {"cur_nm": "싱가포르 달러", "cur_unit": "SGD", "deal_bas_r": "1007.43", "ttb": "997.35"}}, {"model": "exchange_rate.exchange", "pk": 22, "fields": {"cur_nm": "태국 바트", "cur_unit": "THB", "deal_bas_r": "37.56", "ttb": "37.18"}}, {"model": "exchange_rate.exchange", "pk": 23, "fields": {"cur_nm": "미국 달러", "cur_unit": "USD", "deal_bas_r": "1355.20", "ttb": "1341.64"}}, {"model": "sites.site", "pk": 1, "fields": {"domain": "example.com", "name": "example.com"}}, {"model": "account.emailaddress", "pk": 1, "fields": {"user": 1, "email": "aa@a.com", "verified": false, "primary": true}}, {"model": "account.emailaddress", "pk": 2, "fields": {"user": 3, "email": "bb@b.com", "verified": false, "primary": true}}, {"model": "account.emailaddress", "pk": 3, "fields": {"user": 4, "email": "aaa@naver.com", "verified": false, "primary": true}}, {"model": "account.emailaddress", "pk": 4, "fields": {"user": 5, "email": "bb@ddb.com", "verified": false, "primary": true}}, {"model": "account.emailaddress", "pk": 5, "fields": {"user": 7, "email": "ffff@ss.com", "verified": false, "primary": true}}, {"model": "authtoken.token", "pk": "509a5f9bf9c7998301804ffdb75401c6318e90d7", "fields": {"user": 2, "created": "2024-05-18T14:02:34.190Z"}}, {"model": "authtoken.token", "pk": "86c5d58585ac97467926a1272b1aba7d2c34d3bc", "fields": {"user": 3, "created": "2024-05-18T14:04:27.284Z"}}, {"model": "authtoken.token", "pk": "f1193397381ac275d8e7c1ef29ac75cf43e67a8e", "fields": {"user": 7, "created": "2024-05-20T02:14:20.224Z"}}, {"model": "auth.permission", "pk": 1, "fields": {"name": "Can add user", "content_type": 1, "codename": "add_customuser"}}, {"model": "auth.permission", "pk": 2, "fields": {"name": "Can change user", "content_type": 1, "codename": "change_customuser"}}, {"model": "auth.permission", "pk": 3, "fields": {"name": "Can delete user", "content_type": 1, "codename": "delete_customuser"}}, {"model": "auth.permission", "pk": 4, "fields": {"name": "Can view user", "content_type": 1, "codename": "view_customuser"}}, {"model": "auth.permission", "pk": 5, "fields": {"name": "Can add financial product", "content_type": 2, "codename": "add_financialproduct"}}, {"model": "auth.permission", "pk": 6, "fields": {"name": "Can change financial product", "content_type": 2, "codename": "change_financialproduct"}}, {"model": "auth.permission", "pk": 7, "fields": {"name": "Can delete financial product", "content_type": 2, "codename": "delete_financialproduct"}}, {"model": "auth.permission", "pk": 8, "fields": {"name": "Can view financial product", "content_type": 2, "codename": "view_financialproduct"}}, {"model": "auth.permission", "pk": 9, "fields": {"name": "Can add option list", "content_type": 3, "codename": "add_optionlist"}}, {"model": "auth.permission", "pk": 10, "fields": {"name": "Can change option list", "content_type": 3, "codename": "change_optionlist"}}, {"model": "auth.permission", "pk": 11, "fields": {"name": "Can delete option list", "content_type": 3, "codename": "delete_optionlist"}}, {"model": "auth.permission", "pk": 12, "fields": {"name": "Can view option list", "content_type": 3, "codename": "view_optionlist"}}, {"model": "auth.permission", "pk": 13, "fields": {"name": "Can add deposit product", "content_type": 4, "codename": "add_depositproduct"}}, {"model": "auth.permission", "pk": 14, "fields": {"name": "Can change deposit product", "content_type": 4, "codename": "change_depositproduct"}}, {"model": "auth.permission", "pk": 15, "fields": {"name": "Can delete deposit product", "content_type": 4, "codename": "delete_depositproduct"}}, {"model": "auth.permission", "pk": 16, "fields": {"name": "Can view deposit product", "content_type": 4, "codename": "view_depositproduct"}}, {"model": "auth.permission", "pk": 17, "fields": {"name": "Can add deposit option", "content_type": 5, "codename": "add_depositoption"}}, {"model": "auth.permission", "pk": 18, "fields": {"name": "Can change deposit option", "content_type": 5, "codename": "change_depositoption"}}, {"model": "auth.permission", "pk": 19, "fields": {"name": "Can delete deposit option", "content_type": 5, "codename": "delete_depositoption"}}, {"model": "auth.permission", "pk": 20, "fields": {"name": "Can view deposit option", "content_type": 5, "codename": "view_depositoption"}}, {"model": "auth.permission", "pk": 21, "fields": {"name": "Can add exchange", "content_type": 6, "codename": "add_exchange"}}, {"model": "auth.permission", "pk": 22, "fields": {"name": "Can change exchange", "content_type": 6, "codename": "change_exchange"}}, {"model": "auth.permission", "pk": 23, "fields": {"name": "Can delete exchange", "content_type": 6, "codename": "delete_exchange"}}, {"model": "auth.permission", "pk": 24, "fields": {"name": "Can view exchange", "content_type": 6, "codename": "view_exchange"}}, {"model": "auth.permission", "pk": 25, "fields": {"name": "Can add site", "content_type": 7, "codename": "add_site"}}, {"model": "auth.permission", "pk": 26, "fields": {"name": "Can change site", "content_type": 7, "codename": "change_site"}}, {"model": "auth.permission", "pk": 27, "fields": {"name": "Can delete site", "content_type": 7, "codename": "delete_site"}}, {"model": "auth.permission", "pk": 28, "fields": {"name": "Can view site", "content_type": 7, "codename": "view_site"}}, {"model": "auth.permission", "pk": 29, "fields": {"name": "Can add email address", "content_type": 8, "codename": "add_emailaddress"}}, {"model": "auth.permission", "pk": 30, "fields": {"name": "Can change email address", "content_type": 8, "codename": "change_emailaddress"}}, {"model": "auth.permission", "pk": 31, "fields": {"name": "Can delete email address", "content_type": 8, "codename": "delete_emailaddress"}}, {"model": "auth.permission", "pk": 32, "fields": {"name": "Can view email address", "content_type": 8, "codename": "view_emailaddress"}}, {"model": "auth.permission", "pk": 33, "fields": {"name": "Can add email confirmation", "content_type": 9, "codename": "add_emailconfirmation"}}, {"model": "auth.permission", "pk": 34, "fields": {"name": "Can change email confirmation", "content_type": 9, "codename": "change_emailconfirmation"}}, {"model": "auth.permission", "pk": 35, "fields": {"name": "Can delete email confirmation", "content_type": 9, "codename": "delete_emailconfirmation"}}, {"model": "auth.permission", "pk": 36, "fields": {"name": "Can view email confirmation", "content_type": 9, "codename": "view_emailconfirmation"}}, {"model": "auth.permission", "pk": 37, "fields": {"name": "Can add social account", "content_type": 10, "codename": "add_socialaccount"}}, {"model": "auth.permission", "pk": 38, "fields": {"name": "Can change social account", "content_type": 10, "codename": "change_socialaccount"}}, {"model": "auth.permission", "pk": 39, "fields": {"name": "Can delete social account", "content_type": 10, "codename": "delete_socialaccount"}}, {"model": "auth.permission", "pk": 40, "fields": {"name": "Can view social account", "content_type": 10, "codename": "view_socialaccount"}}, {"model": "auth.permission", "pk": 41, "fields": {"name": "Can add social application", "content_type": 11, "codename": "add_socialapp"}}, {"model": "auth.permission", "pk": 42, "fields": {"name": "Can change social application", "content_type": 11, "codename": "change_socialapp"}}, {"model": "auth.permission", "pk": 43, "fields": {"name": "Can delete social application", "content_type": 11, "codename": "delete_socialapp"}}, {"model": "auth.permission", "pk": 44, "fields": {"name": "Can view social application", "content_type": 11, "codename": "view_socialapp"}}, {"model": "auth.permission", "pk": 45, "fields": {"name": "Can add social application token", "content_type": 12, "codename": "add_socialtoken"}}, {"model": "auth.permission", "pk": 46, "fields": {"name": "Can change social application token", "content_type": 12, "codename": "change_socialtoken"}}, {"model": "auth.permission", "pk": 47, "fields": {"name": "Can delete social application token", "content_type": 12, "codename": "delete_socialtoken"}}, {"model": "auth.permission", "pk": 48, "fields": {"name": "Can view social application token", "content_type": 12, "codename": "view_socialtoken"}}, {"model": "auth.permission", "pk": 49, "fields": {"name": "Can add Token", "content_type": 13, "codename": "add_token"}}, {"model": "auth.permission", "pk": 50, "fields": {"name": "Can change Token", "content_type": 13, "codename": "change_token"}}, {"model": "auth.permission", "pk": 51, "fields": {"name": "Can delete Token", "content_type": 13, "codename": "delete_token"}}, {"model": "auth.permission", "pk": 52, "fields": {"name": "Can view Token", "content_type": 13, "codename": "view_token"}}, {"model": "auth.permission", "pk": 53, "fields": {"name": "Can add token", "content_type": 14, "codename": "add_tokenproxy"}}, {"model": "auth.permission", "pk": 54, "fields": {"name": "Can change token", "content_type": 14, "codename": "change_tokenproxy"}}, {"model": "auth.permission", "pk": 55, "fields": {"name": "Can delete token", "content_type": 14, "codename": "delete_tokenproxy"}}, {"model": "auth.permission", "pk": 56, "fields": {"name": "Can view token", "content_type": 14, "codename": "view_tokenproxy"}}, {"model": "auth.permission", "pk": 57, "fields": {"name": "Can add log entry", "content_type": 15, "codename": "add_logentry"}}, {"model": "auth.permission", "pk": 58, "fields": {"name": "Can change log entry", "content_type": 15, "codename": "change_logentry"}}, {"model": "auth.permission", "pk": 59, "fields": {"name": "Can delete log entry", "content_type": 15, "codename": "delete_logentry"}}, {"model": "auth.permission", "pk": 60, "fields": {"name": "Can view log entry", "content_type": 15, "codename": "view_logentry"}}, {"model": "auth.permission", "pk": 61, "fields": {"name": "Can add permission", "content_type": 16, "codename": "add_permission"}}, {"model": "auth.permission", "pk": 62, "fields": {"name": "Can change permission", "content_type": 16, "codename": "change_permission"}}, {"model": "auth.permission", "pk": 63, "fields": {"name": "Can delete permission", "content_type": 16, "codename": "delete_permission"}}, {"model": "auth.permission", "pk": 64, "fields": {"name": "Can view permission", "content_type": 16, "codename": "view_permission"}}, {"model": "auth.permission", "pk": 65, "fields": {"name": "Can add group", "content_type": 17, "codename": "add_group"}}, {"model": "auth.permission", "pk": 66, "fields": {"name": "Can change group", "content_type": 17, "codename": "change_group"}}, {"model": "auth.permission", "pk": 67, "fields": {"name": "Can delete group", "content_type": 17, "codename": "delete_group"}}, {"model": "auth.permission", "pk": 68, "fields": {"name": "Can view group", "content_type": 17, "codename": "view_group"}}, {"model": "auth.permission", "pk": 69, "fields": {"name": "Can add content type", "content_type": 18, "codename": "add_contenttype"}}, {"model": "auth.permission", "pk": 70, "fields": {"name": "Can change content type", "content_type": 18, "codename": "change_contenttype"}}, {"model": "auth.permission", "pk": 71, "fields": {"name": "Can delete content type", "content_type": 18, "codename": "delete_contenttype"}}, {"model": "auth.permission", "pk": 72, "fields": {"name": "Can view content type", "content_type": 18, "codename": "view_contenttype"}}, {"model": "auth.permission", "pk": 73, "fields": {"name": "Can add session", "content_type": 19, "codename": "add_session"}}, {"model": "auth.permission", "pk": 74, "fields": {"name": "Can change session", "content_type": 19, "codename": "change_session"}}, {"model": "auth.permission", "pk": 75, "fields": {"name": "Can delete session", "content_type": 19, "codename": "delete_session"}}, {"model": "auth.permission", "pk": 76, "fields": {"name": "Can view session", "content_type": 19, "codename": "view_session"}}, {"model": "contenttypes.contenttype", "pk": 1, "fields": {"app_label": "accounts", "model": "customuser"}}, {"model": "contenttypes.contenttype", "pk": 2, "fields": {"app_label": "savings", "model": "financialproduct"}}, {"model": "contenttypes.contenttype", "pk": 3, "fields": {"app_label": "savings", "model": "optionlist"}}, {"model": "contenttypes.contenttype", "pk": 4, "fields": {"app_label": "savings", "model": "depositproduct"}}, {"model": "contenttypes.contenttype", "pk": 5, "fields": {"app_label": "savings", "model": "depositoption"}}, {"model": "contenttypes.contenttype", "pk": 6, "fields": {"app_label": "exchange_rate", "model": "exchange"}}, {"model": "contenttypes.contenttype", "pk": 7, "fields": {"app_label": "sites", "model": "site"}}, {"model": "contenttypes.contenttype", "pk": 8, "fields": {"app_label": "account", "model": "emailaddress"}}, {"model": "contenttypes.contenttype", "pk": 9, "fields": {"app_label": "account", "model": "emailconfirmation"}}, {"model": "contenttypes.contenttype", "pk": 10, "fields": {"app_label": "socialaccount", "model": "socialaccount"}}, {"model": "contenttypes.contenttype", "pk": 11, "fields": {"app_label": "socialaccount", "model": "socialapp"}}, {"model": "contenttypes.contenttype", "pk": 12, "fields": {"app_label": "socialaccount", "model": "socialtoken"}}, {"model": "contenttypes.contenttype", "pk": 13, "fields": {"app_label": "authtoken", "model": "token"}}, {"model": "contenttypes.contenttype", "pk": 14, "fields": {"app_label": "authtoken", "model": "tokenproxy"}}, {"model": "contenttypes.contenttype", "pk": 15, "fields": {"app_label": "admin", "model": "logentry"}}, {"model": "contenttypes.contenttype", "pk": 16, "fields": {"app_label": "auth", "model": "permission"}}, {"model": "contenttypes.contenttype", "pk": 17, "fields": {"app_label": "auth", "model": "group"}}, {"model": "contenttypes.contenttype", "pk": 18, "fields": {"app_label": "contenttypes", "model": "contenttype"}}, {"model": "contenttypes.contenttype", "pk": 19, "fields": {"app_label": "sessions", "model": "session"}}, {"model": "sessions.session", "pk": "3brwbjo3d1yuy3y05ww5ms852cgaxrnv", "fields": {"session_data": ".eJxVjDsOwyAQBe9CHSEWFjAp0_sMaPk4OIlAMnYV5e4RkoukfTPz3szTsRd_9Lz5NbErU-zyuwWKz1wHSA-q98Zjq_u2Bj4UftLO55by63a6fweFehn15AKAcJBRGgRMiwootAQNOZDQ0aK0FqJCJTJpctIlZwTZhJMJi2WfL7aGNtY:1s8Kfj:yk2mBe_G7mNU2sal6S15875jNC_8Udk7L0wxH7KFZHA", "expire_date": "2024-06-01T14:04:27.305Z"}}, {"model": "sessions.session", "pk": "5le7s7edxeocp1kz81znw4e2mm3h0ak6", "fields": {"session_data": ".eJxVjzkOgzAQRe_iOrLwghfK9DmDNR4PwQkxEpg0Ue4ekEhB-bcn_Q8DxGktNbxpzn2mFOgFeWRdWcfxwgKsdQjrQnPIiXVMspMXAZ9U9iA9oNwnjlOpc458r_AjXfhtSjRej-4JMMAybGuBXjboKcXeK-8lWmfR2ZSk0ya1TrRaI4HyEZWKTgmhGotkpN6kcHaD_n_sbCo1I9TtDFTWCStMoxvfKm6kkU7J7w-U3lC3:1s8Kdt:hlBloF9mFDnmDlyy36WJL2LpM5OX-SIzmcfk3fHFkIM", "expire_date": "2024-06-01T14:02:33.641Z"}}, {"model": "sessions.session", "pk": "600rnzgv1sxd93l5h4v321gj3862xk8g", "fields": {"session_data": ".eJxVjEEOwiAQRe_C2pACZUCX7j0DGWBGqoYmpV0Z725JutDdz38v7y0CbmsJW6MlTFlcBIjT7xcxPal2kB9Y77NMc12XKcquyIM2eZszva6H-xco2ErPorPJuNFkBcSZB4B9xGQsGQBvBsXR6TFazspq5l1h9NoCJeXJn8XnC-jxOEs:1s8aFb:gnEaqSiCfHxStee7nEhDcOrEdCqIwdkK3tfRCnauC7s", "expire_date": "2024-06-02T06:42:31.600Z"}}, {"model": "sessions.session", "pk": "6i6qavy830tyxelwfdrwg1r9umkh91he", "fields": {"session_data": ".eJxVjEEOwiAQRe_C2hAoDHVcuu8ZyAwMtmpoUtqV8e7apAvd_vfef6lI2zrGrckSp6wuCtTpd2NKD6k7yHeqt1mnua7LxHpX9EGbHuYsz-vh_h2M1MZvLQmBS3fuibOjElKiLnjXO7AsLBnEsLeWkDy4AtYgAZpCDnuLGEC9PwkzOAQ:1s8N98:tn68-bBGQmPsCYwUYvUDh9TlcWAbL0r0sGefYTMz_i8", "expire_date": "2024-06-01T16:42:58.369Z"}}, {"model": "sessions.session", "pk": "90t3xsr6fasen81nfalemv20kje83rbh", "fields": {"session_data": ".eJxVjMEOwiAQRP-FsyGFpWXx6N1vILC7StXQpLQn47_bJj3ocea9mbeKaV1KXJvMcWR1Vladfruc6Cl1B_xI9T5pmuoyj1nvij5o09eJ5XU53L-DklrZ1oaC7SgI51uAECx59ISe2aIbuEfTO0eSIGQCyAjGQOdJBuu2aNCrzxfaLjcl:1s8Kdu:3WGRP5B_UVTr-6Y9HV5LvxUh8QLYJ40e-LfQqiE_fCo", "expire_date": "2024-06-01T14:02:34.201Z"}}, {"model": "sessions.session", "pk": "99p8zpcfualpyc5i37h2i5jh1qthb3pv", "fields": {"session_data": ".eJxVj80OwiAQhN-FsyFQ_ro9evcZyAKLRStNWurF-O62iR68zjczmXkxjHHeavNPWkoulDw9sExsqNs0nZjHrY1-W2nxJbGBGfanBYx3qgdIN6zXmce5tqUEflj4l678Mieazl_vX8GI67inKYIJuesdhqQw2xixs1o5ZWSgQMmQCFpKBNRGZSMFoAGRUYGTAPZY9ftxdFNtJWLbz2Bjg3TSCg1OWS6sBujh_QHsb1Gu:1s8MvY:cOd6qxs2Rr1iDNFchK52k3aR8PVrN2RQ1sTb_bPqd6Q", "expire_date": "2024-06-01T16:28:56.066Z"}}, {"model": "sessions.session", "pk": "cz8atdgg9dvck8jrlytii5dl01wsfuek", "fields": {"session_data": ".eJxVjEEOwiAQRe_C2hAoDHVcuu8ZyAwMtmpoUtqV8e7apAvd_vfef6lI2zrGrckSp6wuCtTpd2NKD6k7yHeqt1mnua7LxHpX9EGbHuYsz-vh_h2M1MZvLQmBS3fuibOjElKiLnjXO7AsLBnEsLeWkDy4AtYgAZpCDnuLGEC9PwkzOAQ:1s8MvY:byp2fURcnxTV7fTNLvzh-3VQ8nEhSRK8mYpRAxS26u4", "expire_date": "2024-06-01T16:28:56.601Z"}}, {"model": "sessions.session", "pk": "h8b6f2j5i9lvcuw5qg92lecr06mvs06u", "fields": {"session_data": ".eJxVjEEOwiAQRe_C2hAoDHVcuu8ZyAwMtmpoUtqV8e7apAvd_vfef6lI2zrGrckSp6wuCtTpd2NKD6k7yHeqt1mnua7LxHpX9EGbHuYsz-vh_h2M1MZvLQmBS3fuibOjElKiLnjXO7AsLBnEsLeWkDy4AtYgAZpCDnuLGEC9PwkzOAQ:1s8MxL:lPRjGDwixUxwKFEx1f7FrhYYI7G0IKDitr1RUK__56U", "expire_date": "2024-06-01T16:30:47.967Z"}}, {"model": "sessions.session", "pk": "pqt5hzivghv7xt8wbym3g7684mmapuij", "fields": {"session_data": ".eJxVjMEOwiAQRP-FsyFAu5R69O43kF0WpGogKe3J-O9K0oOeJpn3Zl7C475lv7e4-oXFWUzi9NsRhkcsHfAdy63KUMu2LiS7Ig_a5LVyfF4O9-8gY8vftTPg2GhECBZNjKC0HsPgTJpHRCbSSquehikNzs7EaK1VqBMATFa8P-02OBY:1s8sXc:AyM1THv0mLzUIO-1nLmd-IWDHGmR9dGMFm6OsczzRL0", "expire_date": "2024-06-03T02:14:20.255Z"}}, {"model": "sessions.session", "pk": "rykzfmq2h2h7lyndzi5cifwgxj5p2moe", "fields": {"session_data": ".eJxVj8EOwiAQRP-FsyFsC2zp0bvfQBbYWrTSpKVejP-uTfTQ67yZl8xLUIzzVqp_8pKHzMnzg_Ik-rJN00l42urot5UXn5PoRSsOWaB457KDdKNynWWcS11ykHtF_ugqL3Pi6fzrHgQjreO-7lwAUA5YN1aDTkMbtDINGOBAykTUDSLEVreKyZBrXHJWESbd2TDgV_r_sbu51Bypfs9QFT0gWKVBWSvRKYto3h9jBVBw:1s8Kfi:u9ashabanOUGmhORVNaPksXUcFhPG7ZRPPa8znHMlnI", "expire_date": "2024-06-01T14:04:26.791Z"}}, {"model": "sessions.session", "pk": "sija7nyg4m04l4ijgqmc7g5roz18qb5b", "fields": {"session_data": ".eJxVjEEOwiAQRe_C2pACZUCX7j0DGWBGqoYmpV0Z725JutDdz38v7y0CbmsJW6MlTFlcBIjT7xcxPal2kB9Y77NMc12XKcquyIM2eZszva6H-xco2ErPorPJuNFkBcSZB4B9xGQsGQBvBsXR6TFazspq5l1h9NoCJeXJn8XnC-jxOEs:1s8a4U:X6U5W_PyWOMJhepxEhaKFAFjsB-OjnlMiuxxFFm78Js", "expire_date": "2024-06-02T06:31:02.218Z"}}, {"model": "sessions.session", "pk": "subfackk6lbfzxnxgcsx8necgttqmzjq", "fields": {"session_data": ".eJxVjEEOwiAQRe_C2pACZUCX7j0DGWBGqoYmpV0Z725JutDdz38v7y0CbmsJW6MlTFlcBIjT7xcxPal2kB9Y77NMc12XKcquyIM2eZszva6H-xco2ErPorPJuNFkBcSZB4B9xGQsGQBvBsXR6TFazspq5l1h9NoCJeXJn8XnC-jxOEs:1s8ahD:UoH6mN8bZISgpArv81ASZNxmangHbsMybnTU16lDg6s", "expire_date": "2024-06-02T07:11:03.310Z"}}, {"model": "sessions.session", "pk": "v2nw3e88qslijkbf4hjk1mbj93gqwu72", "fields": {"session_data": ".eJxVj8EKwyAQRP_FcxE10WiOvfcbZNW1sbUKieml9N-bQHrIYViYmX0wHwLe17U0-8Y5xYTB4gtSJmNZc74QC2ub7LrgbFMgIxnIyXPgn1j2IDyg3Cv1tbQ5ObpX6JEu9FYD5uvRPQEmWKbtWwupg-AA0isQiJJx3vtOi2h6gOAcZ5ztVwQXO62MC6CUYsCjlHJQG_S_Y2djaclD28ZAIyMfuNokpKGG9V3Xy-8P01pRqw:1s8sXb:JwXuANelGOQZ5DSAUJPv9Nt141doV4znIrafTdTuAqQ", "expire_date": "2024-06-03T02:14:19.919Z"}}, {"model": "sessions.session", "pk": "w467shv2xpunv5pjlj92s70xrul5d2t9", "fields": {"session_data": ".eJxVj8sOwiAURP-FtSE8ym3t0r3fQC5wsWiFpAU3xn-3TerC3WTm5CTzZuh9abnaFy0pJgqWnphmNuY2zydmsdXJtpUWmwIbGbC_zqF_UN6HcMd8K9yXXJfk-I7wY135tQSaLwf7J5hwnXYt9sbrvtNBAsUQBcAWnNeGNMCghYyuV50zMUijYtyQiIMyQF4ONJw36e_H7qZck8e6ncHKRtlLkEIokBw6ZZT-fAGGWlGb:1s8a4T:SZ5m9wet6aZ5u2qbXiIyEPcK8yRIrE1Zxri7yn-s-cA", "expire_date": "2024-06-02T06:31:01.702Z"}}, {"model": "sessions.session", "pk": "zmoab6gztoep6rmdbt8k7brgyhounn6l", "fields": {"session_data": ".eJxVjEEOwiAQRe_C2hAoDHVcuu8ZyAwMtmpoUtqV8e7apAvd_vfef6lI2zrGrckSp6wuCtTpd2NKD6k7yHeqt1mnua7LxHpX9EGbHuYsz-vh_h2M1MZvLQmBS3fuibOjElKiLnjXO7AsLBnEsLeWkDy4AtYgAZpCDnuLGEC9PwkzOAQ:1s8NbP:VjznVRb15FDXtrh1JVVNRGgDe_KeWpPPle14n833T7k", "expire_date": "2024-06-01T17:12:11.861Z"}}]